respondent_id,has_bank_account,uses_mobile_money,has_savings,has_loan,uses_insurance,uses_digital_banking,financial_literacy_score
1,1,1,1,0,0,0,5.6
2,1,1,0,0,1,0,6.7
3,1,1,0,0,0,1,8.1
4,1,1,0,0,0,1,8.9
5,1,1,1,0,1,0,4.7
6,1,1,1,1,0,1,4.8
7,1,1,1,0,1,0,4.8
8,0,0,1,0,0,0,5.8
9,1,1,1,1,0,0,8.5
10,0,1,0,0,0,0,2.5
11,1,1,1,0,1,1,6.8
12,0,1,1,0,0,0,2.8
13,1,1,1,0,0,0,6.9
14,0,0,0,0,0,0,5.8
15,1,1,1,1,0,1,8.6
16,1,1,0,0,0,0,5.1
17,1,1,1,0,0,1,9.3
18,1,0,1,0,0,0,6.8
19,0,1,0,0,0,0,10.0
20,1,1,0,1,0,1,6.7
21,1,1,1,1,0,1,5.0
22,1,1,1,0,0,0,5.5
23,1,1,0,0,1,1,7.0
24,0,1,1,1,0,0,7.1
25,0,1,0,1,0,0,7.0
26,1,1,1,1,0,1,7.9
27,0,1,1,1,0,0,2.7
28,1,1,1,1,0,1,6.8
29,1,1,0,0,0,0,7.6
30,1,1,0,0,0,1,5.5
31,1,1,1,0,0,1,5.8
32,1,1,0,1,0,0,7.0
33,1,1,1,1,0,0,7.2
34,1,1,1,0,0,0,5.5
35,1,1,1,1,1,1,7.3
36,1,1,1,0,0,0,6.7
37,1,1,1,0,0,1,9.2
38,0,1,1,0,0,0,2.9
39,1,1,1,1,0,1,6.8
40,1,1,0,1,0,0,7.4
41,0,1,0,1,0,0,1.0
42,0,1,1,0,0,0,5.5
43,0,1,1,1,0,0,7.4
44,0,1,0,0,0,0,6.9
45,1,1,1,0,0,1,7.7
46,1,1,1,0,1,0,10.0
47,1,1,1,1,0,1,5.9
48,1,1,1,0,0,1,4.7
49,0,1,1,0,1,0,6.0
50,1,1,1,0,0,1,7.3
51,1,1,0,1,0,0,5.9
52,1,1,1,0,0,1,8.6
53,1,0,1,1,0,1,7.3
54,0,0,1,0,1,0,8.0
55,0,1,0,1,0,0,5.7
56,1,0,0,0,0,1,7.5
57,0,1,1,0,0,0,6.4
58,0,1,0,1,0,0,3.2
59,1,1,1,0,0,0,7.2
60,0,1,1,0,0,0,7.6
61,0,1,1,1,0,0,5.2
62,0,1,1,0,0,0,5.2
63,1,0,1,1,0,1,5.6
64,1,1,1,0,0,1,8.0
65,1,1,1,1,0,0,6.1
66,0,1,1,0,0,0,7.5
67,0,1,0,0,0,0,5.9
68,0,1,0,0,0,0,6.4
69,1,0,1,0,0,0,9.2
70,1,1,1,0,1,1,8.5
71,1,1,1,0,0,0,9.7
72,0,1,0,0,0,0,3.7
73,1,1,1,0,0,0,5.3
74,0,1,0,0,0,0,6.1
75,1,1,1,0,0,1,6.1
76,1,1,1,0,0,1,8.3
77,1,1,1,0,0,1,5.6
78,0,1,1,0,0,0,8.1
79,0,1,1,0,0,0,6.3
80,1,1,1,1,0,1,7.9
81,1,1,1,1,0,1,4.7
82,1,1,1,0,0,0,7.1
83,1,0,0,0,0,1,1.0
84,1,1,1,0,0,1,5.0
85,1,1,1,0,0,1,7.8
86,1,1,1,1,0,1,5.9
87,0,1,1,1,0,0,4.5
88,0,1,1,1,0,0,5.6
89,1,1,1,0,0,1,6.7
90,1,1,1,0,0,0,6.6
91,1,1,1,1,0,0,6.0
92,1,0,1,1,0,1,6.6
93,1,1,0,0,0,1,5.3
94,1,1,1,0,1,1,6.3
95,1,1,1,1,0,0,3.5
96,0,1,0,0,0,0,5.9
97,1,1,0,0,0,0,6.6
98,0,1,0,0,0,0,4.6
99,1,1,1,0,0,0,4.4
100,0,1,1,1,0,0,6.1
101,1,1,0,0,0,1,6.8
102,0,1,0,1,0,0,6.7
103,1,1,1,1,0,0,10.0
104,1,1,1,0,0,1,6.0
105,1,1,1,1,0,1,8.4
106,1,1,1,0,0,0,9.2
107,1,1,0,1,1,1,6.6
108,0,1,0,0,0,0,1.1
109,1,1,0,0,0,0,6.5
110,1,1,1,0,0,1,5.5
111,1,1,1,0,0,1,8.0
112,1,1,1,0,0,0,4.8
113,1,1,0,0,0,0,6.6
114,1,1,1,0,0,0,5.2
115,0,0,1,0,0,0,6.8
116,1,1,1,0,0,0,3.2
117,0,1,0,1,1,0,7.5
118,1,1,1,0,0,1,7.1
119,0,1,1,0,0,0,4.9
120,0,0,1,0,0,0,6.3
121,1,1,1,1,1,1,5.9
122,0,1,1,0,0,0,4.3
123,1,1,0,0,0,0,5.6
124,1,1,1,1,0,1,6.1
125,1,0,0,0,0,0,1.0
126,1,1,1,1,0,0,8.2
127,1,1,1,0,0,0,10.0
128,0,1,0,0,0,0,3.8
129,0,1,0,0,0,0,5.6
130,0,1,1,0,0,0,4.8
131,1,0,0,1,0,1,6.0
132,0,1,0,0,1,0,6.7
133,1,1,1,1,0,1,7.3
134,1,1,0,0,0,1,6.1
135,1,1,1,0,0,1,7.0
136,0,1,0,0,0,0,7.5
137,1,1,1,0,0,1,6.8
138,1,0,0,1,0,1,10.0
139,1,1,1,0,0,1,8.5
140,1,1,1,1,0,0,7.9
141,0,1,0,0,0,0,2.6
142,1,1,0,0,0,0,5.8
143,0,1,1,1,1,0,5.3
144,1,1,1,0,1,0,2.8
145,0,1,0,0,0,0,9.4
146,1,1,0,0,0,1,6.6
147,1,1,1,1,1,1,6.1
148,1,1,1,1,0,1,7.0
149,0,0,0,0,0,0,2.8
150,1,1,1,1,0,1,8.9
151,1,1,1,1,1,1,9.9
152,0,1,1,1,0,0,5.8
153,1,1,1,1,0,0,4.0
154,1,1,1,0,0,1,3.9
155,0,0,1,0,0,0,4.7
156,0,1,1,1,1,0,6.4
157,0,0,1,0,0,0,3.6
158,1,0,1,0,1,0,6.8
159,0,1,1,0,0,0,7.7
160,1,1,1,1,0,1,8.8
161,1,1,0,0,0,0,6.9
162,0,1,0,1,0,0,6.0
163,1,1,1,0,0,0,8.5
164,1,1,1,1,0,1,5.9
165,1,1,1,1,0,1,7.3
166,1,1,1,0,0,0,6.4
167,0,0,0,0,0,0,6.9
168,1,1,1,1,1,1,7.1
169,0,1,0,0,1,0,5.2
170,1,1,1,0,0,1,9.0
171,1,1,1,1,0,0,6.3
172,0,0,1,1,0,0,5.6
173,1,1,0,0,0,0,8.1
174,1,1,1,1,0,0,3.8
175,0,1,1,0,0,0,7.1
176,1,1,1,0,0,1,9.3
177,1,1,0,0,0,1,6.8
178,1,1,0,1,0,1,9.3
179,1,1,1,1,0,0,6.3
180,0,0,0,0,0,0,8.0
181,1,1,1,0,0,0,7.1
182,1,1,1,1,1,1,7.6
183,1,1,1,1,1,1,7.6
184,0,1,0,1,0,0,4.8
185,0,1,0,1,0,0,6.3
186,1,1,0,0,0,0,5.5
187,0,1,0,0,0,0,5.1
188,1,1,0,1,1,1,8.3
189,1,1,0,1,0,1,3.7
190,0,0,0,1,0,0,7.6
191,1,1,1,0,0,0,8.4
192,1,1,0,0,1,0,4.9
193,0,1,0,0,0,0,2.0
194,1,1,1,1,0,1,7.5
195,1,1,1,0,1,0,8.4
196,0,1,1,1,0,0,6.0
197,1,1,0,0,0,1,7.9
198,1,1,0,0,0,1,6.5
199,0,1,0,0,0,0,4.9
200,1,1,1,0,0,0,8.2
201,0,1,0,0,1,0,3.5
202,1,1,1,0,0,0,9.9
203,0,1,1,0,0,0,5.8
204,0,1,1,0,0,0,3.3
205,1,1,0,0,0,0,4.4
206,1,1,0,1,0,1,6.4
207,0,1,0,0,0,0,8.5
208,1,1,1,0,0,1,7.2
209,0,0,1,0,0,0,4.5
210,1,1,1,0,0,0,5.2
211,1,1,0,0,0,1,7.6
212,0,1,1,1,0,0,3.6
213,1,1,1,1,1,1,9.3
214,0,0,0,0,0,0,1.7
215,0,1,1,0,1,0,7.0
216,1,1,1,0,0,0,6.4
217,1,1,1,0,1,1,4.9
218,1,1,1,1,0,1,6.2
219,0,1,0,1,0,0,3.4
220,1,1,0,0,0,0,4.9
221,1,1,1,1,0,0,4.7
222,1,1,1,0,0,1,7.5
223,0,0,0,0,0,0,8.3
224,0,1,1,1,1,0,9.7
225,0,1,0,0,0,0,8.0
226,1,1,1,1,0,0,6.4
227,1,1,1,1,0,0,8.6
228,1,1,1,0,0,1,6.9
229,1,1,1,1,0,1,7.6
230,0,1,1,1,0,0,5.1
231,1,1,1,0,1,1,6.9
232,0,1,1,0,0,0,6.9
233,0,1,1,0,0,0,3.1
234,1,1,1,1,1,1,6.9
235,1,1,1,1,1,1,6.1
236,0,1,1,1,1,0,7.3
237,0,1,1,0,1,0,8.3
238,0,0,0,0,0,0,3.7
239,1,1,1,0,1,1,4.8
240,0,1,1,0,0,0,7.2
241,0,1,1,0,1,0,8.7
242,1,1,1,1,1,1,4.9
243,0,0,0,0,0,0,5.3
244,1,1,1,0,0,1,5.7
245,0,1,0,0,0,0,4.1
246,0,0,0,0,0,0,2.7
247,1,1,0,0,1,1,6.8
248,0,0,0,0,0,0,2.4
249,1,1,1,1,0,0,7.0
250,0,1,1,1,0,0,2.8
251,1,1,1,0,0,1,6.6
252,1,1,1,0,0,1,8.4
253,1,1,1,1,0,1,7.1
254,1,1,1,0,1,1,3.9
255,1,1,0,0,0,1,6.5
256,1,1,1,1,0,0,7.7
257,1,1,0,0,0,0,3.8
258,1,1,0,0,0,1,7.2
259,1,1,1,1,1,1,10.0
260,1,1,0,0,0,0,3.9
261,0,0,0,0,0,0,4.6
262,0,1,0,0,0,0,2.0
263,0,0,0,0,0,0,5.0
264,1,1,1,0,1,0,7.4
265,0,1,0,0,0,0,4.5
266,0,1,0,0,0,0,6.4
267,1,1,1,1,0,1,5.8
268,0,0,0,0,0,0,8.2
269,0,1,0,0,0,0,2.0
270,1,1,0,0,0,1,8.5
271,1,1,1,1,0,0,4.4
272,1,1,1,1,0,0,8.9
273,1,1,0,0,0,1,6.1
274,0,1,0,0,0,0,6.2
275,1,1,0,0,0,0,5.3
276,0,1,0,0,1,0,4.2
277,1,1,0,0,0,0,10.0
278,1,1,1,0,0,1,6.4
279,1,1,0,1,0,1,3.7
280,0,1,1,0,0,0,8.1
281,0,1,1,0,0,0,7.6
282,1,1,1,0,0,0,10.0
283,0,1,0,0,0,0,5.3
284,1,1,1,0,1,1,7.9
285,1,0,1,1,0,0,7.0
286,0,1,1,0,1,0,6.8
287,1,1,0,1,0,1,8.5
288,0,1,0,1,0,0,7.4
289,0,1,1,0,0,0,5.5
290,0,1,1,0,0,0,5.2
291,1,1,1,1,0,0,9.9
292,0,1,0,1,0,0,5.4
293,1,1,0,0,0,1,6.9
294,1,1,1,1,0,1,10.0
295,1,1,0,0,0,0,4.4
296,0,1,1,1,0,0,8.1
297,0,1,0,0,0,0,5.6
298,1,1,0,0,0,1,4.0
299,1,1,1,1,0,1,8.9
300,1,1,1,0,0,1,6.7
301,0,1,1,0,0,0,7.2
302,0,1,0,1,0,0,8.5
303,1,1,0,1,0,0,6.9
304,1,1,1,0,0,1,8.9
305,1,1,1,1,0,1,7.8
306,1,1,1,0,0,0,4.4
307,1,1,0,0,0,0,6.5
308,1,1,1,1,0,1,4.2
309,0,1,0,0,0,0,3.9
310,0,1,0,1,0,0,4.1
311,1,1,1,1,0,1,7.9
312,1,1,1,0,0,0,8.1
313,1,1,1,0,1,1,7.9
314,1,1,1,0,1,0,5.5
315,1,1,0,0,0,1,5.8
316,1,1,0,1,0,1,7.7
317,1,1,1,1,0,0,8.8
318,1,1,0,1,0,1,8.0
319,1,1,1,0,0,0,6.8
320,1,1,1,0,0,1,6.4
321,1,0,0,1,0,0,4.4
322,0,1,1,1,0,0,7.7
323,1,1,1,0,0,1,7.5
324,0,1,1,0,0,0,5.7
325,0,1,1,1,0,0,5.2
326,1,1,0,0,0,1,6.8
327,1,1,0,0,1,0,1.5
328,1,1,1,1,0,1,7.6
329,1,1,1,0,0,0,10.0
330,1,1,0,0,0,1,7.1
331,1,1,1,0,1,1,8.3
332,1,1,0,0,0,0,6.7
333,0,1,0,0,0,0,8.3
334,0,1,1,0,0,0,6.0
335,1,1,1,1,0,0,7.5
336,0,1,1,0,0,0,6.3
337,1,1,1,0,0,1,8.0
338,0,1,1,0,0,0,8.0
339,1,1,1,0,1,1,8.9
340,1,1,0,0,0,1,7.5
341,1,1,1,1,0,1,4.8
342,1,1,1,0,0,0,7.8
343,1,1,1,1,0,1,5.8
344,0,1,1,0,0,0,2.8
345,1,1,1,0,1,1,9.8
346,0,1,0,0,0,0,7.2
347,0,1,1,0,0,0,7.4
348,0,1,1,0,0,0,9.3
349,1,1,0,0,0,1,5.6
350,1,1,1,0,1,1,6.2
351,0,0,0,0,1,0,6.2
352,0,1,1,0,0,0,3.0
353,1,1,1,0,0,0,4.1
354,0,0,1,1,0,0,4.7
355,1,1,0,0,0,0,5.7
356,1,1,0,1,0,1,6.0
357,0,1,0,0,0,0,7.6
358,1,1,1,1,1,0,9.4
359,0,1,0,0,0,0,8.1
360,1,1,1,0,1,0,6.6
361,1,1,1,0,1,0,7.3
362,1,1,0,0,0,1,6.2
363,1,1,1,0,0,1,6.1
364,1,1,1,1,0,1,6.9
365,1,1,0,0,1,0,8.9
366,1,1,0,0,0,0,5.9
367,1,1,1,0,0,0,5.9
368,1,1,1,1,1,1,7.1
369,0,1,1,0,0,0,2.9
370,0,1,0,0,0,0,5.7
371,0,1,1,0,0,0,4.6
372,0,1,0,1,0,0,5.0
373,0,1,1,0,0,0,3.0
374,1,1,1,0,1,0,8.5
375,1,1,0,1,0,0,5.7
376,1,1,1,0,0,1,6.6
377,1,1,1,0,0,1,9.6
378,0,1,0,0,0,0,6.2
379,1,1,1,1,0,1,6.1
380,1,1,1,0,0,1,9.2
381,1,1,1,1,0,1,5.6
382,1,1,0,1,0,0,7.3
383,1,1,1,1,0,1,5.5
384,0,1,0,0,0,0,3.9
385,0,0,0,0,0,0,8.1
386,1,1,1,0,0,1,7.2
387,0,0,1,0,0,0,3.0
388,1,0,1,0,0,0,3.3
389,0,1,0,0,0,0,4.1
390,0,1,1,1,1,0,6.4
391,0,1,0,0,0,0,7.0
392,1,1,0,1,0,1,7.1
393,1,1,0,0,1,1,6.1
394,1,1,1,0,1,1,7.8
395,1,1,0,0,0,0,5.4
396,0,1,0,0,0,0,2.5
397,1,1,1,0,0,1,5.6
398,1,1,1,0,0,0,7.3
399,1,1,1,0,0,1,6.4
400,0,1,0,0,0,0,6.5
401,0,1,0,1,0,0,6.9
402,1,1,1,0,0,0,3.7
403,1,1,1,1,0,0,9.1
404,1,1,1,0,1,1,5.5
405,1,1,1,0,0,0,4.9
406,1,1,1,0,0,1,4.9
407,1,1,1,0,1,1,6.9
408,1,1,1,0,0,0,6.1
409,1,1,1,0,0,1,8.5
410,0,1,1,1,0,0,6.6
411,0,1,1,0,0,0,6.2
412,1,1,1,0,0,1,9.0
413,1,1,0,0,0,1,9.7
414,1,1,1,0,1,1,6.9
415,1,1,0,1,0,0,3.7
416,0,1,1,0,0,0,4.5
417,1,1,1,0,0,1,5.6
418,1,0,0,0,0,0,4.2
419,1,1,1,0,0,1,7.6
420,1,1,1,1,1,1,7.5
421,1,1,1,0,1,0,5.8
422,1,1,1,0,0,0,8.5
423,1,1,1,1,0,0,4.4
424,1,1,1,0,0,1,8.4
425,1,1,0,0,1,0,8.6
426,0,1,0,1,0,0,6.7
427,1,1,1,1,1,1,5.2
428,1,1,0,0,0,1,5.8
429,1,1,1,1,0,1,6.3
430,0,1,0,0,1,0,9.1
431,1,1,0,1,1,0,3.3
432,0,1,1,0,0,0,6.8
433,0,1,0,0,0,0,6.2
434,0,1,0,0,0,0,6.9
435,1,1,0,0,0,1,3.8
436,1,0,1,0,0,0,6.2
437,0,0,1,0,0,0,7.7
438,0,0,1,0,1,0,6.8
439,0,1,1,1,0,0,9.0
440,0,1,0,0,0,0,6.7
441,1,1,1,1,0,0,6.3
442,1,1,1,0,0,1,7.0
443,1,1,0,0,0,0,6.4
444,1,1,0,0,0,1,5.6
445,0,1,1,0,0,0,8.7
446,0,0,1,0,0,0,9.2
447,0,0,0,0,0,0,4.5
448,1,1,0,1,1,1,8.6
449,0,1,0,1,0,0,5.4
450,1,1,1,0,0,1,6.0
451,1,1,0,0,0,0,6.4
452,1,1,0,1,0,1,8.0
453,1,1,0,0,0,1,7.8
454,1,1,1,0,0,0,3.9
455,1,1,0,0,0,1,4.3
456,1,1,1,0,1,1,8.4
457,1,1,0,1,0,0,8.6
458,0,0,0,0,0,0,5.2
459,0,1,0,0,0,0,2.5
460,1,1,1,1,0,1,8.5
461,1,1,0,0,0,1,7.4
462,0,1,1,0,0,0,8.1
463,1,1,0,1,0,1,7.6
464,1,1,1,1,0,0,10.0
465,1,1,1,0,1,0,5.4
466,1,1,0,0,0,1,4.7
467,0,1,0,0,0,0,3.1
468,1,1,0,0,0,1,8.1
469,1,1,1,0,1,1,5.3
470,1,1,1,0,0,1,6.5
471,1,1,1,0,0,1,9.0
472,0,1,1,0,0,0,7.8
473,1,0,1,0,0,0,3.1
474,1,1,1,1,1,0,8.1
475,1,1,0,0,0,1,4.8
476,0,1,0,1,0,0,6.5
477,0,1,0,1,0,0,6.4
478,1,1,0,0,0,1,7.1
479,1,1,1,0,0,1,8.6
480,0,0,0,0,0,0,6.3
481,1,1,1,1,0,1,7.4
482,1,1,0,0,1,0,7.4
483,0,1,1,1,0,0,6.1
484,1,1,1,0,0,1,5.0
485,0,1,0,0,0,0,7.0
486,0,1,0,0,0,0,5.7
487,0,0,1,0,0,0,5.6
488,1,1,0,1,0,0,9.9
489,0,0,0,0,0,0,1.8
490,1,1,1,1,0,0,3.6
491,1,1,1,0,0,0,6.4
492,0,1,0,0,0,0,3.9
493,1,1,1,1,0,1,7.1
494,1,1,1,0,0,0,8.2
495,1,1,1,0,0,1,7.8
496,1,1,0,1,1,1,6.3
497,1,1,1,1,0,1,8.6
498,1,1,0,1,0,1,7.3
499,0,1,1,0,0,0,7.2
500,0,1,0,0,0,0,9.6
501,1,1,1,1,1,1,8.9
502,1,1,0,0,1,0,5.3
503,1,1,0,0,0,0,5.8
504,1,1,0,1,1,0,10.0
505,0,1,1,0,0,0,7.6
506,1,1,0,0,0,0,8.7
507,0,1,0,1,0,0,8.5
508,1,1,1,1,0,1,6.9
509,0,0,0,0,0,0,4.9
510,0,1,0,0,0,0,8.6
511,0,1,0,0,0,0,5.3
512,1,1,1,0,0,0,7.4
513,1,1,1,1,0,1,8.3
514,1,1,1,0,0,1,5.4
515,1,1,0,1,0,0,7.0
516,1,1,0,0,0,0,7.9
517,1,1,0,1,0,1,6.9
518,1,1,0,1,0,1,5.3
519,1,1,0,0,0,0,7.0
520,1,1,0,0,0,0,5.3
521,1,1,1,1,1,1,9.4
522,1,1,1,0,0,1,9.1
523,0,1,1,0,0,0,4.4
524,1,0,0,0,0,1,3.4
525,1,1,0,0,0,0,8.1
526,0,0,0,0,0,0,6.1
527,1,1,0,1,0,1,7.0
528,1,1,1,1,1,1,9.5
529,1,1,0,1,0,0,5.6
530,1,1,1,1,0,1,3.5
531,1,1,0,1,0,0,2.6
532,1,1,0,0,0,1,7.8
533,1,1,1,0,0,0,6.5
534,1,1,1,0,1,1,8.4
535,0,1,1,0,0,0,5.4
536,0,1,0,1,0,0,2.4
537,1,1,1,1,1,1,7.4
538,1,1,1,0,0,0,5.8
539,1,1,0,0,0,0,3.0
540,1,1,1,0,0,0,8.1
541,1,1,1,1,1,1,7.4
542,1,1,0,0,0,1,7.7
543,1,1,0,0,0,0,2.0
544,1,1,0,1,0,0,5.7
545,1,1,1,1,0,1,7.2
546,1,1,0,0,0,0,8.6
547,1,1,0,0,0,0,5.6
548,1,1,0,0,0,1,6.3
549,0,1,0,0,0,0,8.0
550,1,1,1,1,0,1,9.7
551,1,0,0,0,0,0,3.4
552,1,1,1,1,0,1,4.5
553,1,1,1,0,0,0,4.8
554,1,1,1,1,1,1,7.0
555,0,1,0,1,0,0,6.1
556,1,1,1,0,0,0,6.0
557,1,1,0,0,0,0,5.8
558,1,1,0,1,0,0,6.5
559,1,1,0,1,0,1,8.7
560,1,1,1,0,0,0,6.0
561,1,1,1,0,0,1,5.6
562,1,1,0,0,0,1,4.2
563,1,1,0,0,0,0,5.8
564,1,0,1,0,0,0,7.8
565,0,0,0,1,0,0,5.0
566,0,1,0,0,0,0,5.9
567,1,1,1,0,0,0,6.3
568,1,1,1,1,0,1,6.3
569,0,1,0,0,0,0,9.0
570,0,1,1,0,0,0,4.9
571,1,1,0,0,0,1,6.6
572,1,1,1,1,1,1,8.8
573,1,1,1,0,0,1,8.1
574,1,1,1,1,1,1,6.5
575,1,1,1,1,1,0,10.0
576,1,1,1,1,1,1,9.0
577,1,1,1,0,0,0,4.8
578,1,1,1,0,0,1,9.5
579,1,1,1,1,0,0,3.9
580,1,1,1,1,0,0,4.5
581,1,1,1,1,1,1,8.0
582,1,1,0,0,0,0,5.8
583,1,1,1,1,0,1,6.2
584,0,1,1,1,0,0,4.1
585,1,1,1,1,1,1,6.7
586,1,0,0,0,1,0,4.2
587,0,1,0,0,0,0,9.1
588,1,1,0,1,0,0,4.9
589,1,1,1,0,1,1,10.0
590,1,1,1,1,0,1,6.8
591,0,1,0,0,0,0,10.0
592,1,1,1,0,0,0,5.5
593,0,1,0,1,0,0,5.6
594,0,1,0,0,0,0,5.0
595,1,1,1,0,0,1,6.2
596,1,1,0,0,0,1,6.1
597,1,1,0,0,0,1,8.0
598,0,1,0,0,0,0,6.1
599,1,1,1,0,0,0,4.9
600,1,1,0,0,0,0,7.8
601,1,1,1,0,0,0,7.3
602,1,1,0,0,0,0,8.3
603,1,1,0,0,0,0,4.3
604,1,1,0,0,0,0,4.9
605,1,1,1,0,0,1,9.5
606,0,1,0,0,0,0,4.4
607,1,1,1,1,1,1,8.4
608,1,1,1,1,0,1,4.6
609,1,1,1,1,0,1,8.3
610,1,1,1,0,0,0,5.9
611,1,1,0,0,0,0,5.3
612,1,1,1,0,1,1,9.7
613,1,1,1,1,1,1,5.5
614,1,1,0,0,0,0,5.9
615,1,0,0,0,0,0,7.8
616,1,1,0,1,0,1,7.3
617,0,1,1,0,0,0,4.0
618,0,1,0,0,0,0,2.4
619,1,1,1,0,0,1,8.7
620,1,1,1,0,0,0,5.9
621,1,1,0,0,0,0,6.9
622,0,1,0,0,0,0,4.2
623,0,1,0,1,0,0,5.2
624,1,0,1,1,0,1,4.9
625,1,1,1,0,1,1,8.3
626,0,1,0,0,0,0,7.1
627,1,1,0,0,0,0,5.4
628,0,1,0,0,0,0,2.4
629,1,1,1,0,0,0,7.9
630,1,1,1,0,0,0,6.0
631,1,1,1,0,1,1,7.3
632,1,1,1,0,1,0,5.1
633,1,1,1,0,1,0,4.5
634,1,1,0,0,0,1,7.2
635,1,0,1,1,0,1,7.9
636,1,1,1,1,0,1,9.1
637,1,1,0,0,0,1,9.8
638,1,1,1,1,0,0,7.7
639,1,1,1,0,0,1,6.1
640,1,1,0,0,1,0,6.8
641,1,1,0,0,0,1,7.6
642,1,1,1,0,0,0,7.5
643,0,1,1,0,0,0,6.4
644,1,1,1,0,0,1,7.6
645,0,1,1,0,0,0,4.6
646,0,1,0,0,0,0,5.2
647,1,1,1,1,0,0,8.6
648,1,1,1,1,0,1,5.0
649,0,1,0,0,0,0,5.8
650,0,1,0,0,0,0,7.7
651,1,1,0,0,0,1,6.8
652,0,1,1,0,0,0,3.0
653,0,1,0,0,0,0,6.9
654,1,1,1,0,1,0,4.4
655,1,1,1,1,1,0,9.0
656,1,0,0,0,0,0,8.0
657,0,1,0,0,0,0,6.2
658,1,1,1,0,0,0,5.6
659,1,0,1,0,0,0,4.1
660,1,1,0,0,0,0,6.7
661,1,1,1,0,1,0,8.0
662,0,1,0,0,0,0,7.4
663,1,1,1,1,0,1,4.8
664,0,1,1,0,0,0,4.1
665,0,1,1,1,1,0,4.5
666,1,1,1,1,0,0,8.8
667,0,1,1,1,0,0,8.1
668,1,1,1,1,0,1,7.6
669,0,1,1,1,1,0,8.4
670,0,1,0,1,0,0,5.0
671,0,1,1,0,0,0,4.8
672,1,1,1,1,0,0,6.9
673,1,1,1,1,1,1,7.3
674,0,0,0,0,0,0,3.5
675,0,1,0,0,0,0,4.6
676,1,1,1,0,0,1,5.9
677,1,0,1,1,0,1,6.8
678,0,1,0,0,0,0,5.8
679,1,0,1,1,0,0,9.0
680,1,0,1,1,0,1,7.7
681,1,1,1,0,0,0,6.2
682,1,1,0,1,0,0,6.8
683,1,1,0,0,0,1,4.8
684,1,1,1,1,1,0,5.6
685,1,1,1,1,0,1,6.8
686,1,1,1,1,0,1,5.4
687,1,1,0,0,0,1,4.8
688,1,1,0,1,0,1,5.7
689,0,1,0,0,0,0,4.8
690,1,1,1,1,0,1,10.0
691,1,1,1,0,0,0,4.4
692,1,1,1,0,0,1,6.6
693,1,1,1,0,0,0,6.9
694,1,1,1,0,0,0,4.3
695,1,1,0,0,0,0,6.1
696,1,1,1,0,0,0,5.4
697,1,1,0,1,0,0,7.1
698,1,1,1,1,0,1,5.7
699,1,0,1,0,0,0,6.4
700,1,1,1,1,0,1,6.3
701,1,1,1,1,0,0,5.2
702,0,1,1,0,0,0,7.2
703,0,1,1,0,0,0,4.5
704,1,1,0,0,0,1,6.6
705,1,1,0,0,0,0,7.5
706,1,1,1,1,0,1,7.2
707,1,1,0,0,1,1,4.6
708,1,1,1,0,0,1,6.3
709,0,0,0,0,0,0,3.2
710,1,1,1,1,0,1,6.4
711,1,1,1,0,1,1,10.0
712,0,1,0,0,0,0,5.8
713,0,1,0,0,0,0,1.9
714,1,1,0,0,0,1,6.2
715,1,1,0,1,1,1,8.0
716,1,0,0,0,1,1,6.3
717,0,1,1,0,0,0,5.4
718,1,1,1,0,0,0,4.2
719,1,1,1,0,0,1,6.9
720,1,1,1,1,0,0,7.4
721,1,1,0,1,0,0,4.6
722,1,1,1,0,0,1,6.3
723,0,1,1,0,0,0,5.2
724,1,1,1,1,0,0,5.7
725,1,1,0,0,0,1,8.6
726,1,1,1,0,0,1,3.8
727,1,1,1,1,0,1,8.1
728,0,1,1,0,1,0,8.0
729,0,1,0,1,0,0,4.7
730,1,1,1,1,0,1,7.3
731,1,1,0,1,1,0,8.4
732,1,1,1,0,0,0,4.3
733,1,1,1,1,0,0,5.6
734,1,1,0,0,1,0,4.9
735,0,1,0,0,0,0,3.8
736,0,0,0,0,0,0,1.8
737,1,1,1,1,0,0,5.8
738,1,1,1,0,0,0,5.4
739,1,1,1,0,0,1,8.1
740,0,1,1,1,0,0,4.1
741,1,1,0,0,0,1,6.8
742,0,0,0,1,0,0,7.6
743,1,1,0,0,0,1,6.2
744,1,1,0,0,0,0,2.7
745,1,1,1,1,1,0,8.6
746,1,1,1,0,0,1,6.7
747,0,1,0,0,1,0,6.4
748,0,1,1,0,1,0,6.0
749,1,1,1,0,0,1,5.7
750,1,1,1,0,0,0,8.1
751,1,0,0,1,0,0,3.0
752,1,1,1,0,0,1,5.5
753,0,1,0,0,0,0,6.2
754,1,1,1,0,0,0,4.2
755,1,1,1,1,0,1,6.2
756,1,1,0,0,0,0,7.8
757,1,1,0,1,0,1,8.9
758,1,1,1,1,1,1,6.5
759,1,1,1,0,0,0,5.8
760,0,1,0,0,0,0,6.3
761,1,1,1,0,0,1,6.7
762,1,1,0,0,0,0,7.2
763,1,1,1,0,0,1,5.8
764,1,1,1,1,0,0,6.2
765,1,1,1,1,0,1,6.3
766,1,1,1,1,0,1,6.9
767,1,1,1,1,0,1,7.9
768,1,1,0,1,0,0,9.2
769,1,1,1,1,0,1,7.9
770,0,1,1,0,1,0,6.1
771,0,1,1,0,0,0,1.8
772,1,1,1,0,0,1,9.0
773,0,1,0,0,0,0,6.2
774,0,1,1,1,1,0,8.0
775,1,0,0,1,0,0,1.7
776,0,1,0,0,0,0,4.9
777,1,1,0,1,0,0,9.5
778,0,1,1,0,0,0,6.3
779,1,1,1,0,0,1,8.4
780,1,1,1,1,1,1,4.4
781,1,1,1,1,1,1,7.9
782,1,1,1,1,0,1,9.9
783,1,1,0,0,0,0,7.3
784,0,1,0,0,0,0,2.5
785,0,1,0,0,0,0,4.0
786,0,1,1,1,0,0,5.7
787,1,1,1,0,0,1,7.7
788,1,0,0,0,0,0,2.7
789,0,1,0,1,1,0,5.8
790,1,1,1,1,0,1,8.3
791,0,0,0,0,0,0,5.7
792,1,1,1,0,0,0,8.9
793,0,0,1,0,0,0,4.1
794,1,1,1,0,0,0,4.7
795,1,1,0,1,1,0,6.9
796,0,1,1,0,0,0,6.6
797,1,1,1,0,0,1,6.8
798,1,1,1,0,0,0,5.2
799,1,1,0,1,0,0,8.0
800,1,1,1,0,0,0,5.8
801,1,1,1,0,0,0,4.2
802,1,1,1,0,0,1,7.0
803,1,1,1,0,0,1,9.7
804,0,1,1,1,0,0,6.2
805,1,1,1,0,1,1,5.4
806,1,1,1,0,0,1,6.9
807,1,1,1,0,0,0,6.3
808,1,1,0,1,0,1,3.6
809,1,1,1,0,0,1,5.5
810,1,1,1,0,0,0,5.7
811,1,1,1,0,0,0,6.9
812,1,1,1,1,0,1,6.5
813,1,1,1,0,0,1,7.8
814,1,1,0,0,0,0,4.3
815,1,1,1,1,0,0,5.1
816,0,0,0,0,0,0,7.4
817,0,1,0,0,0,0,5.0
818,1,1,1,0,0,1,7.5
819,0,1,0,0,0,0,4.5
820,0,1,0,1,0,0,6.0
821,0,1,0,0,0,0,4.3
822,1,1,1,0,1,0,7.5
823,1,0,1,1,0,1,6.7
824,1,1,1,0,1,1,9.7
825,1,1,0,0,0,0,5.6
826,1,1,0,0,0,0,5.6
827,1,1,0,1,0,0,8.8
828,1,1,1,0,0,0,6.6
829,0,1,0,0,0,0,9.4
830,0,0,0,0,0,0,5.5
831,1,1,1,0,0,1,3.7
832,1,1,1,1,0,1,6.3
833,0,1,0,1,0,0,3.5
834,0,1,0,1,0,0,6.5
835,1,1,1,1,0,1,10.0
836,1,1,0,1,0,0,6.7
837,1,1,1,0,1,1,7.4
838,1,0,1,0,1,1,7.1
839,1,1,0,1,0,1,4.4
840,1,1,0,1,0,1,6.3
841,0,1,0,0,1,0,6.7
842,1,1,1,1,0,1,7.3
843,1,1,0,0,0,1,5.1
844,0,1,1,1,0,0,3.4
845,1,1,0,0,0,0,5.6
846,1,1,0,0,0,0,3.0
847,1,1,1,0,0,0,7.6
848,1,0,1,0,1,0,7.0
849,1,1,1,0,0,1,7.3
850,1,1,1,0,0,1,7.9
851,1,1,1,1,1,1,7.1
852,1,1,1,1,0,1,6.1
853,1,1,0,0,0,0,6.7
854,0,1,1,0,0,0,3.7
855,1,0,1,1,0,0,7.7
856,1,1,1,1,0,1,5.5
857,0,1,1,0,0,0,5.7
858,1,1,1,0,0,1,8.8
859,1,1,1,1,0,1,9.2
860,0,1,1,0,0,0,7.2
861,0,1,1,1,1,0,6.8
862,1,1,1,0,0,1,6.3
863,0,1,0,1,0,0,6.9
864,1,1,1,1,0,0,4.6
865,0,1,1,1,0,0,6.4
866,0,1,1,0,0,0,8.4
867,1,1,1,0,0,1,7.8
868,1,1,1,1,0,1,8.2
869,1,1,1,0,1,0,6.5
870,1,0,1,1,0,1,8.6
871,0,1,0,0,1,0,4.2
872,1,1,1,0,0,1,8.6
873,0,1,1,1,0,0,7.8
874,1,1,1,0,0,0,7.8
875,1,1,0,0,1,1,9.4
876,0,0,0,0,0,0,9.9
877,0,1,1,0,0,0,8.0
878,0,1,0,1,0,0,7.7
879,1,1,1,0,0,0,10.0
880,0,1,0,0,0,0,6.7
881,0,1,1,0,0,0,4.7
882,0,1,1,0,0,0,6.3
883,1,1,0,1,0,1,3.0
884,0,1,0,1,0,0,5.1
885,1,1,1,0,0,0,9.6
886,0,0,0,0,0,0,4.8
887,0,1,1,0,0,0,8.6
888,1,1,0,0,0,0,7.3
889,1,1,0,0,0,0,4.9
890,1,1,1,0,1,1,5.7
891,1,1,1,0,0,1,4.0
892,1,1,1,1,0,1,7.3
893,1,0,1,0,0,0,3.2
894,1,1,1,1,0,0,6.2
895,1,1,1,1,0,0,2.7
896,0,1,1,0,0,0,4.5
897,1,1,1,1,0,0,9.1
898,0,1,0,0,0,0,5.1
899,1,1,1,0,1,1,5.6
900,1,1,1,1,1,1,5.4
901,1,1,1,0,0,1,7.9
902,1,1,1,0,0,0,8.1
903,1,1,1,1,1,1,6.4
904,0,1,0,1,1,0,5.9
905,1,1,1,0,0,0,9.6
906,0,1,1,0,0,0,8.1
907,1,1,1,0,0,1,5.9
908,1,1,1,1,0,0,7.7
909,0,1,0,0,0,0,6.1
910,1,1,0,0,0,0,3.4
911,1,1,1,0,0,1,9.2
912,1,1,0,0,0,1,5.9
913,1,0,0,0,0,0,8.5
914,1,1,1,0,0,1,6.7
915,1,1,1,0,0,1,3.8
916,0,1,0,0,1,0,3.8
917,1,1,1,0,0,1,9.0
918,0,1,0,0,0,0,6.4
919,1,1,0,0,0,0,6.5
920,1,1,1,0,0,1,6.5
921,1,1,1,0,0,0,2.0
922,1,1,1,1,0,1,8.4
923,1,1,0,0,0,0,4.3
924,0,1,1,1,0,0,9.2
925,1,1,1,1,0,1,7.8
926,0,1,1,0,0,0,6.4
927,1,1,0,1,0,0,5.9
928,1,1,1,1,0,0,5.9
929,0,1,1,0,0,0,6.7
930,1,1,1,0,0,1,7.6
931,1,1,0,0,0,0,1.2
932,1,1,1,1,0,1,4.8
933,1,1,1,0,0,0,10.0
934,1,1,1,1,0,1,6.8
935,1,0,1,0,1,0,6.4
936,1,1,1,1,0,0,8.8
937,0,1,0,0,0,0,3.4
938,1,1,1,1,0,0,6.9
939,0,0,0,0,0,0,5.0
940,1,1,1,1,0,0,3.5
941,0,1,1,0,1,0,8.3
942,0,1,1,0,0,0,7.2
943,1,0,0,0,1,1,6.7
944,1,1,0,0,0,1,5.1
945,0,0,0,0,0,0,4.5
946,0,1,1,1,0,0,3.9
947,0,1,0,0,0,0,4.6
948,0,1,0,0,0,0,1.0
949,1,1,0,0,0,1,6.4
950,1,1,1,1,1,1,6.1
951,0,1,0,0,0,0,5.9
952,1,1,1,1,0,1,7.8
953,1,1,1,1,0,1,7.7
954,1,1,1,0,1,1,8.2
955,1,1,1,1,0,0,5.7
956,1,1,1,0,0,0,8.8
957,1,1,1,0,0,1,6.7
958,1,1,1,1,0,1,5.9
959,1,1,0,1,0,1,7.4
960,1,1,1,0,0,1,7.9
961,0,1,1,0,0,0,7.2
962,1,1,0,1,0,0,5.4
963,1,1,1,1,1,0,8.1
964,0,1,0,0,0,0,5.6
965,1,1,0,0,0,0,5.5
966,1,1,1,0,0,1,8.7
967,1,1,0,0,0,1,5.1
968,0,1,0,0,0,0,6.8
969,0,1,0,0,0,0,4.2
970,1,1,0,1,0,1,4.4
971,0,1,0,0,0,0,5.4
972,1,1,0,1,1,1,7.1
973,0,0,0,0,0,0,4.8
974,1,1,0,0,0,0,6.5
975,0,0,0,0,0,0,6.3
976,1,1,1,1,0,0,6.3
977,1,1,1,0,0,1,10.0
978,1,1,1,0,1,1,7.3
979,1,1,0,1,0,1,9.1
980,1,1,1,1,1,0,9.2
981,0,1,0,0,0,0,6.5
982,1,1,1,1,0,1,5.3
983,1,0,1,1,1,1,8.3
984,1,1,1,1,0,1,10.0
985,0,1,0,0,0,0,6.9
986,1,1,1,1,1,1,6.2
987,1,1,0,0,0,0,4.8
988,1,1,1,0,0,0,4.3
989,1,1,1,1,0,0,7.9
990,0,1,1,0,0,0,7.0
991,0,1,1,1,0,0,6.5
992,0,0,1,0,0,0,4.7
993,0,0,1,0,0,0,7.2
994,1,1,1,1,0,0,5.0
995,1,1,0,0,0,0,4.0
996,1,1,1,1,1,1,8.6
997,1,0,0,0,0,0,2.4
998,0,0,1,1,0,0,5.6
999,1,1,1,0,0,0,8.3
1000,1,1,1,0,0,1,9.1
1001,1,1,1,1,0,1,9.5
1002,0,0,0,0,0,0,4.9
1003,1,1,1,0,1,1,5.4
1004,1,1,1,0,0,1,5.8
1005,1,1,0,1,1,0,6.7
1006,1,1,1,0,0,0,5.7
1007,1,1,1,1,0,0,5.8
1008,1,1,1,1,0,0,7.0
1009,0,0,0,0,1,0,3.3
1010,1,1,0,0,0,1,5.7
1011,1,1,1,1,0,0,4.2
1012,0,1,1,0,0,0,5.1
1013,0,1,1,1,0,0,4.9
1014,1,1,1,0,0,1,6.7
1015,1,1,1,1,0,1,7.0
1016,1,1,1,0,0,1,8.7
1017,1,1,1,1,1,1,6.2
1018,1,1,1,1,0,0,4.4
1019,1,1,0,1,0,1,5.2
1020,1,1,1,0,0,0,9.0
1021,1,1,1,0,0,1,8.6
1022,0,1,0,0,0,0,1.6
1023,1,1,0,0,0,1,4.8
1024,1,1,1,0,0,0,8.3
1025,0,1,1,1,0,0,4.9
1026,0,1,0,0,0,0,5.7
1027,1,1,1,0,0,0,5.2
1028,0,1,1,0,1,0,5.9
1029,0,1,1,1,0,0,6.0
1030,1,1,1,0,0,1,10.0
1031,1,1,1,0,1,1,4.5
1032,1,1,1,0,0,1,6.6
1033,1,1,1,1,1,0,9.5
1034,1,1,0,0,0,0,3.3
1035,1,1,1,1,0,1,8.3
1036,1,1,1,1,0,0,5.3
1037,1,1,1,0,0,1,3.5
1038,1,1,1,0,0,1,6.4
1039,0,1,0,0,0,0,1.0
1040,1,1,1,0,0,1,7.7
1041,1,1,1,0,0,1,4.6
1042,1,1,0,1,0,0,4.8
1043,1,1,0,1,1,1,3.8
1044,1,1,1,1,0,0,7.1
1045,0,1,1,0,1,0,5.4
1046,1,1,0,0,0,1,6.7
1047,1,1,1,1,0,1,5.5
1048,0,1,0,0,0,0,5.2
1049,0,1,1,0,0,0,2.4
1050,1,1,1,0,0,0,5.5
1051,0,1,0,1,0,0,4.5
1052,1,1,1,0,0,1,5.2
1053,1,1,1,1,0,0,7.0
1054,1,1,1,1,0,0,4.3
1055,0,1,0,0,0,0,7.0
1056,0,0,1,1,1,0,5.8
1057,1,1,0,1,0,0,5.2
1058,1,1,1,1,0,1,6.2
1059,1,1,1,0,0,1,7.4
1060,1,1,1,1,0,0,8.1
1061,1,1,0,0,1,1,5.1
1062,0,1,1,0,0,0,6.3
1063,1,1,0,0,0,1,7.3
1064,1,1,0,1,0,1,4.6
1065,1,1,1,0,0,0,6.0
1066,1,0,0,1,1,1,7.7
1067,1,1,1,0,0,0,6.6
1068,1,1,1,0,0,1,4.2
1069,1,1,1,0,0,0,3.3
1070,0,1,0,0,0,0,4.4
1071,0,1,1,1,0,0,6.0
1072,1,1,1,0,0,0,6.2
1073,1,1,1,1,0,0,6.1
1074,0,1,0,1,0,0,9.5
1075,1,1,1,1,0,1,8.1
1076,0,1,0,1,0,0,6.2
1077,1,1,0,0,0,1,5.4
1078,0,1,0,1,0,0,7.9
1079,1,1,1,1,0,1,7.0
1080,1,1,0,0,0,1,6.0
1081,1,1,1,1,0,1,7.6
1082,1,1,0,0,0,1,6.5
1083,1,1,1,0,0,0,6.6
1084,0,0,1,0,0,0,4.9
1085,1,1,0,1,0,0,6.7
1086,0,1,0,0,0,0,5.9
1087,0,1,0,1,1,0,5.2
1088,1,1,1,0,0,0,7.1
1089,0,1,0,0,0,0,4.9
1090,0,1,1,1,1,0,3.6
1091,1,1,0,0,0,0,3.4
1092,1,1,0,0,0,0,3.1
1093,0,1,1,0,0,0,5.7
1094,0,0,1,0,0,0,4.4
1095,1,1,1,0,0,1,7.1
1096,0,1,0,0,0,0,5.7
1097,1,1,1,0,0,1,8.9
1098,1,1,1,0,0,1,5.5
1099,1,1,1,0,0,1,3.6
1100,0,1,1,1,1,0,9.6
1101,1,1,1,0,0,0,8.8
1102,1,1,1,0,0,0,5.6
1103,0,1,0,1,0,0,4.9
1104,1,1,1,0,1,1,6.0
1105,1,1,0,1,0,0,7.0
1106,0,0,1,0,1,0,7.1
1107,0,1,0,1,0,0,6.3
1108,1,1,1,0,0,1,8.8
1109,1,1,1,1,0,1,10.0
1110,0,1,1,0,0,0,5.4
1111,1,1,0,1,0,1,5.0
1112,1,1,1,0,1,1,6.8
1113,0,1,1,0,0,0,7.6
1114,0,1,0,0,0,0,4.1
1115,1,1,1,1,0,1,10.0
1116,1,1,1,1,0,0,7.2
1117,1,1,1,1,0,0,9.3
1118,1,1,1,0,0,1,7.2
1119,0,1,1,0,0,0,4.2
1120,1,1,1,0,0,1,5.1
1121,1,1,0,1,0,0,4.9
1122,1,1,0,1,0,1,6.1
1123,1,1,0,1,0,1,5.8
1124,0,1,0,0,0,0,4.9
1125,1,1,1,1,0,1,3.8
1126,1,1,1,0,0,1,8.9
1127,0,1,1,1,0,0,7.8
1128,0,1,0,0,0,0,4.1
1129,1,0,1,0,1,1,7.2
1130,1,1,0,1,0,0,3.0
1131,0,1,0,0,0,0,4.8
1132,1,1,0,1,0,1,5.4
1133,1,1,1,0,0,1,7.8
1134,1,1,0,0,0,0,7.4
1135,1,1,1,0,0,1,7.4
1136,1,1,1,1,0,0,4.3
1137,1,1,1,0,0,0,5.4
1138,0,1,0,1,0,0,6.5
1139,1,1,1,1,0,1,9.2
1140,1,1,1,1,0,1,5.1
1141,1,1,0,0,0,0,6.4
1142,1,1,1,0,0,0,3.9
1143,1,1,1,1,0,1,9.1
1144,1,1,1,1,0,1,7.7
1145,0,1,1,0,0,0,6.5
1146,1,1,0,0,0,0,9.4
1147,0,1,0,0,0,0,5.6
1148,1,1,1,0,0,0,5.1
1149,0,1,0,0,0,0,6.8
1150,1,1,1,1,0,1,10.0
1151,1,1,0,0,0,1,4.7
1152,1,1,1,0,0,0,3.7
1153,0,1,1,0,1,0,7.2
1154,1,1,1,0,1,0,8.8
1155,1,1,0,1,1,0,7.1
1156,1,1,1,0,1,1,7.6
1157,1,1,1,1,0,1,9.1
1158,1,1,0,0,1,0,4.8
1159,0,1,0,0,1,0,8.7
1160,1,1,0,1,0,0,6.8
1161,0,0,0,0,1,0,2.9
1162,0,0,1,0,1,0,5.2
1163,1,1,0,0,0,1,3.8
1164,0,1,1,0,1,0,5.8
1165,1,1,1,0,1,1,6.4
1166,1,1,0,0,0,1,8.2
1167,1,1,1,1,1,0,8.0
1168,1,1,0,1,0,0,3.3
1169,1,1,1,0,1,1,10.0
1170,0,1,1,0,0,0,7.3
1171,1,1,1,0,0,1,5.8
1172,1,1,1,1,0,1,9.2
1173,1,1,1,0,1,0,5.6
1174,0,1,1,1,0,0,7.6
1175,1,1,1,1,0,0,10.0
1176,1,1,1,0,0,0,7.9
1177,1,1,1,0,0,1,7.2
1178,1,1,1,1,0,0,4.9
1179,1,1,0,0,0,0,6.7
1180,1,1,1,1,0,1,4.2
1181,0,1,0,1,0,0,8.2
1182,1,1,1,0,0,0,8.8
1183,1,1,1,0,0,1,8.6
1184,0,1,0,0,0,0,4.6
1185,1,1,1,1,0,1,7.1
1186,1,0,1,0,0,0,10.0
1187,1,1,1,0,0,1,8.2
1188,1,1,1,0,0,0,3.9
1189,0,0,0,0,0,0,1.7
1190,0,1,1,0,0,0,5.5
1191,0,1,1,0,0,0,8.1
1192,1,1,1,0,0,1,6.6
1193,1,1,1,1,0,0,8.9
1194,1,1,1,1,0,0,3.9
1195,1,1,1,0,0,0,7.1
1196,1,1,0,0,0,1,7.4
1197,1,0,0,0,0,0,6.6
1198,1,1,1,1,0,0,9.4
1199,1,1,1,0,1,0,7.6
1200,1,1,0,0,0,0,5.1
1201,1,0,1,0,0,1,7.6
1202,0,1,1,1,0,0,6.9
1203,1,1,0,0,0,0,7.9
1204,0,0,0,0,0,0,3.1
1205,1,1,1,0,0,0,6.8
1206,1,1,0,0,0,0,3.9
1207,1,1,1,0,0,1,6.5
1208,0,1,1,0,0,0,5.5
1209,0,1,0,0,0,0,6.7
1210,0,1,1,0,0,0,3.8
1211,1,1,1,0,0,1,9.2
1212,1,1,1,0,0,0,6.1
1213,1,1,1,1,1,1,8.5
1214,1,1,0,0,0,0,5.1
1215,1,1,1,1,0,1,7.6
1216,1,1,0,0,0,0,7.2
1217,0,1,1,0,0,0,7.5
1218,1,1,1,0,1,1,5.3
1219,0,1,0,0,0,0,2.4
1220,1,1,1,1,1,1,8.1
1221,0,1,0,0,0,0,6.6
1222,1,1,1,1,0,0,4.1
1223,1,1,0,0,0,0,4.5
1224,1,1,1,1,0,0,9.2
1225,1,1,1,0,0,1,6.9
1226,1,1,0,1,0,0,7.7
1227,1,1,0,1,0,1,9.8
1228,1,1,1,1,1,1,7.6
1229,1,1,1,1,0,1,7.8
1230,1,1,1,1,0,0,8.3
1231,0,1,1,1,0,0,5.6
1232,1,1,0,0,0,1,4.9
1233,1,1,0,0,0,1,7.1
1234,0,1,1,1,1,0,6.2
1235,0,1,0,0,0,0,5.9
1236,1,1,1,1,0,0,8.0
1237,1,1,1,0,0,1,9.5
1238,1,1,1,0,0,1,8.7
1239,1,1,1,0,1,1,6.6
1240,1,1,1,1,0,0,7.4
1241,0,1,1,0,0,0,6.9
1242,1,1,1,0,0,1,8.6
1243,0,1,1,1,1,0,8.1
1244,0,1,1,0,0,0,5.4
1245,0,0,0,0,0,0,4.7
1246,1,1,1,0,0,1,9.7
1247,0,1,0,1,0,0,6.1
1248,1,1,1,0,0,0,10.0
1249,1,1,0,0,0,0,3.5
1250,1,1,1,0,0,0,3.5
1251,1,1,1,1,1,0,8.2
1252,1,1,1,1,0,1,6.5
1253,0,0,0,0,0,0,6.6
1254,1,1,0,0,0,0,6.5
1255,1,1,0,0,0,0,2.8
1256,1,1,0,0,0,1,6.0
1257,1,1,0,0,0,1,6.9
1258,1,1,0,1,0,1,5.6
1259,1,1,0,0,1,0,5.9
1260,1,1,1,0,0,1,6.6
1261,0,1,0,0,0,0,2.2
1262,1,1,1,1,0,1,9.3
1263,0,0,0,0,0,0,4.2
1264,0,1,0,0,0,0,4.9
1265,0,1,1,0,0,0,7.1
1266,1,1,1,0,0,1,8.3
1267,1,1,1,1,0,1,10.0
1268,1,1,1,0,0,1,8.2
1269,0,1,0,0,0,0,7.5
1270,0,1,1,0,0,0,5.1
1271,0,1,1,0,0,0,6.7
1272,0,1,0,0,0,0,7.0
1273,1,1,1,0,0,1,7.5
1274,1,1,1,0,1,1,4.8
1275,0,1,0,0,0,0,2.6
1276,0,1,0,1,1,0,6.6
1277,0,0,1,0,0,0,7.2
1278,1,1,1,0,0,0,8.9
1279,1,1,1,0,1,0,7.6
1280,1,1,1,1,1,1,9.6
1281,1,1,1,0,1,0,8.7
1282,1,1,0,0,0,1,7.7
1283,0,1,0,0,0,0,8.8
1284,1,1,1,0,0,1,6.9
1285,1,1,1,0,1,1,4.0
1286,1,0,1,1,0,1,4.0
1287,1,1,1,0,0,1,6.5
1288,1,1,1,0,0,1,7.4
1289,1,1,1,1,1,1,7.9
1290,1,1,1,0,0,1,5.0
1291,1,0,0,1,0,1,6.4
1292,1,1,1,1,0,0,5.6
1293,0,1,1,0,0,0,6.6
1294,1,1,0,1,0,1,6.0
1295,1,1,1,0,0,1,6.4
1296,1,1,1,0,0,1,6.3
1297,1,1,1,0,0,0,5.2
1298,1,1,1,0,0,0,7.2
1299,1,1,1,0,0,0,3.1
1300,1,1,0,1,0,1,7.9
1301,1,1,1,1,0,0,7.6
1302,1,1,1,0,0,1,4.1
1303,1,1,1,1,0,1,4.9
1304,0,1,0,0,0,0,3.3
1305,1,1,1,1,0,1,6.1
1306,0,1,1,0,0,0,5.8
1307,1,1,1,0,0,1,4.9
1308,1,1,0,0,0,1,8.2
1309,1,1,1,1,0,0,4.1
1310,0,1,1,1,0,0,4.6
1311,1,1,1,1,0,1,7.2
1312,1,1,1,0,1,1,10.0
1313,0,1,0,1,0,0,3.9
1314,1,1,0,0,0,0,5.5
1315,1,1,1,0,0,1,9.0
1316,1,1,0,0,0,1,3.2
1317,0,1,1,1,1,0,10.0
1318,0,1,1,0,0,0,5.0
1319,1,1,1,1,1,1,6.9
1320,0,1,0,0,0,0,4.3
1321,1,0,1,1,0,1,7.1
1322,1,1,0,0,1,1,4.7
1323,1,0,1,1,0,0,5.8
1324,0,1,0,1,0,0,2.2
1325,1,1,0,0,0,1,4.5
1326,1,1,0,0,0,0,6.4
1327,1,1,1,0,0,1,6.4
1328,1,1,1,0,1,1,7.7
1329,1,1,0,0,0,0,5.3
1330,1,1,1,0,0,1,9.1
1331,1,1,1,0,1,1,3.6
1332,1,1,1,1,0,1,9.7
1333,1,0,0,1,0,0,9.7
1334,1,1,1,0,0,1,6.4
1335,1,0,1,1,0,1,8.3
1336,1,1,0,1,0,1,5.4
1337,1,1,1,0,0,1,7.9
1338,1,1,1,1,1,1,7.3
1339,1,1,0,0,0,0,2.9
1340,1,1,1,0,0,0,6.1
1341,0,1,1,0,0,0,3.1
1342,0,1,0,0,1,0,3.9
1343,0,1,0,0,0,0,5.3
1344,1,1,0,0,0,0,7.4
1345,0,1,1,1,0,0,8.4
1346,1,1,1,0,1,1,10.0
1347,1,0,0,0,0,1,7.2
1348,0,1,1,0,0,0,2.7
1349,1,1,1,1,0,0,5.7
1350,0,1,0,0,0,0,9.9
1351,1,1,1,1,1,0,5.8
1352,0,1,1,0,0,0,5.9
1353,1,1,0,1,0,0,7.6
1354,1,1,1,0,0,0,5.1
1355,1,1,1,1,0,1,8.7
1356,0,1,0,0,0,0,8.1
1357,1,1,0,0,0,1,9.6
1358,1,1,1,1,0,1,7.4
1359,0,1,0,0,0,0,6.2
1360,1,1,1,1,0,1,7.9
1361,1,1,1,0,0,0,6.1
1362,0,1,1,1,0,0,6.7
1363,1,1,1,0,0,1,8.8
1364,1,1,1,1,1,1,5.5
1365,1,1,1,0,0,0,7.3
1366,1,1,1,0,0,1,5.3
1367,1,1,0,1,0,0,6.8
1368,0,0,0,0,0,0,2.3
1369,1,1,0,1,1,1,3.9
1370,1,1,1,0,0,1,7.4
1371,1,1,1,1,0,1,4.8
1372,0,1,1,0,0,0,6.1
1373,1,1,0,1,0,0,4.3
1374,1,1,1,1,0,1,4.9
1375,1,1,1,0,0,1,7.3
1376,0,1,0,0,0,0,7.4
1377,1,1,1,0,0,1,8.6
1378,0,1,1,0,1,0,8.4
1379,1,1,0,0,0,0,8.1
1380,0,0,0,1,1,0,5.7
1381,0,0,0,0,0,0,6.4
1382,1,1,1,0,0,0,6.7
1383,1,1,1,1,1,0,8.0
1384,1,1,1,1,1,1,7.2
1385,1,1,0,0,0,1,7.9
1386,1,1,1,0,0,0,5.6
1387,1,1,1,0,0,1,7.4
1388,1,1,1,0,0,0,4.1
1389,0,1,0,1,0,0,7.8
1390,1,1,1,0,0,0,8.6
1391,1,1,0,1,0,1,10.0
1392,0,1,0,0,0,0,5.0
1393,1,1,1,0,0,1,9.6
1394,0,1,0,0,0,0,5.8
1395,1,1,1,0,0,1,5.7
1396,1,1,1,0,0,0,7.8
1397,1,1,0,1,1,1,6.1
1398,1,1,1,1,1,1,10.0
1399,0,1,1,0,0,0,7.4
1400,1,1,0,1,0,1,8.0
1401,1,1,0,0,0,0,4.5
1402,1,0,1,0,1,0,4.6
1403,0,1,1,1,1,0,8.0
1404,1,1,1,1,0,0,7.2
1405,0,1,1,0,0,0,4.7
1406,1,0,1,0,0,1,7.0
1407,0,1,0,0,0,0,3.2
1408,0,1,1,0,0,0,5.4
1409,1,1,1,1,0,1,8.0
1410,1,1,0,0,0,1,5.9
1411,0,1,0,0,0,0,5.3
1412,1,1,1,0,0,0,7.3
1413,1,1,1,0,0,1,4.8
1414,0,0,0,1,0,0,4.5
1415,1,1,1,1,0,1,5.2
1416,1,0,0,0,0,0,4.0
1417,1,1,0,0,1,0,7.9
1418,0,1,1,0,0,0,2.9
1419,1,1,0,0,0,0,5.2
1420,0,1,1,0,0,0,8.2
1421,0,1,0,0,0,0,6.1
1422,1,1,1,1,0,1,6.8
1423,1,1,1,0,0,1,6.2
1424,1,1,1,1,0,0,5.3
1425,0,1,1,0,0,0,10.0
1426,1,1,1,1,0,0,5.5
1427,1,0,1,0,0,0,6.5
1428,1,1,1,0,1,1,4.0
1429,0,1,0,0,0,0,7.0
1430,1,1,1,0,0,0,5.5
1431,1,1,1,1,0,1,4.2
1432,1,1,1,0,0,1,5.6
1433,0,1,1,0,0,0,5.1
1434,1,1,0,0,0,0,7.5
1435,1,1,1,0,1,1,6.2
1436,0,0,0,1,0,0,6.9
1437,1,1,1,0,1,1,6.4
1438,0,0,1,0,1,0,2.2
1439,1,0,1,1,0,1,5.3
1440,1,1,0,0,1,0,6.9
1441,1,1,1,0,0,0,7.9
1442,0,1,1,1,1,0,5.8
1443,0,1,1,0,0,0,5.5
1444,1,1,1,0,0,1,6.7
1445,1,1,0,1,1,0,6.4
1446,1,1,1,0,0,0,9.8
1447,1,1,1,1,0,1,3.8
1448,1,1,1,0,0,0,7.6
1449,1,1,1,0,0,1,5.2
1450,1,1,1,1,0,0,8.6
1451,1,0,0,0,0,0,7.1
1452,1,1,1,1,0,1,8.2
1453,1,1,0,0,0,0,7.3
1454,1,1,0,0,0,0,4.7
1455,1,1,1,1,0,0,6.2
1456,1,0,1,1,1,1,3.5
1457,1,1,0,0,0,1,3.7
1458,1,1,1,0,0,0,4.5
1459,1,1,1,1,0,0,7.9
1460,1,1,1,0,1,0,7.1
1461,1,1,1,0,1,0,7.2
1462,1,0,1,0,1,1,10.0
1463,1,1,1,0,0,0,7.8
1464,1,1,0,0,1,1,8.8
1465,1,1,1,0,0,0,6.0
1466,0,1,1,0,0,0,5.9
1467,0,1,0,0,1,0,9.2
1468,1,1,1,0,1,0,5.2
1469,0,1,0,1,0,0,3.4
1470,1,0,0,1,1,0,3.1
1471,1,1,1,0,0,0,6.5
1472,1,1,0,0,1,1,4.4
1473,1,1,1,0,0,0,3.4
1474,1,1,1,0,0,1,7.9
1475,0,1,1,0,0,0,6.9
1476,0,1,0,1,0,0,6.9
1477,1,1,1,1,0,0,9.2
1478,0,1,1,0,0,0,6.6
1479,0,1,0,0,0,0,5.1
1480,0,1,0,0,0,0,3.1
1481,1,1,1,1,1,1,5.9
1482,1,1,1,0,0,0,5.1
1483,0,1,0,1,0,0,3.8
1484,1,1,1,0,0,0,5.4
1485,1,1,0,0,1,0,5.9
1486,1,0,1,0,0,0,5.8
1487,1,1,1,0,0,1,4.8
1488,1,1,1,1,0,0,7.5
1489,1,1,1,0,0,1,10.0
1490,1,1,1,0,0,0,8.1
1491,1,1,1,0,0,1,8.6
1492,1,0,0,0,0,0,5.1
1493,1,0,1,1,0,0,6.8
1494,1,1,1,1,0,0,8.2
1495,1,1,1,1,0,1,3.9
1496,1,1,1,0,0,0,9.1
1497,1,1,1,0,0,1,7.9
1498,1,1,1,1,0,1,6.4
1499,1,1,0,0,0,1,3.9
1500,1,1,0,0,0,0,7.2
1501,1,1,0,1,0,0,9.3
1502,1,1,0,0,0,0,4.1
1503,0,1,0,1,0,0,6.0
1504,1,1,1,1,0,1,10.0
1505,0,1,1,0,0,0,5.9
1506,1,1,1,0,0,1,5.0
1507,0,0,0,0,0,0,2.1
1508,1,1,1,1,0,1,6.5
1509,1,1,0,1,1,1,6.9
1510,0,1,0,0,0,0,7.8
1511,0,1,1,1,0,0,7.6
1512,1,1,0,1,0,0,5.6
1513,1,1,1,1,0,0,6.7
1514,0,1,0,0,0,0,7.6
1515,0,1,0,0,0,0,9.5
1516,0,1,0,1,0,0,6.5
1517,1,1,1,0,1,1,3.9
1518,1,1,1,1,1,1,4.7
1519,1,1,1,1,1,0,6.2
1520,1,1,1,0,0,0,3.7
1521,1,1,1,1,1,1,4.7
1522,1,1,1,0,1,1,7.0
1523,1,1,1,1,0,0,4.5
1524,1,1,0,0,1,1,6.6
1525,1,1,0,1,0,0,6.0
1526,0,1,1,1,0,0,7.1
1527,0,0,1,0,0,0,2.8
1528,0,0,0,0,0,0,4.8
1529,1,1,1,0,0,1,7.6
1530,0,1,1,0,0,0,8.0
1531,1,1,1,0,0,1,4.9
1532,1,1,1,0,0,0,5.9
1533,0,1,1,0,0,0,7.6
1534,0,1,1,0,0,0,6.8
1535,1,1,0,0,0,0,8.4
1536,1,1,1,0,0,1,9.4
1537,1,1,1,0,1,1,7.0
1538,1,1,1,0,1,1,5.3
1539,1,1,1,0,0,1,7.4
1540,1,1,1,0,0,0,6.1
1541,1,1,1,1,0,1,7.3
1542,1,1,1,0,0,1,5.3
1543,0,1,0,0,0,0,5.5
1544,0,1,0,0,0,0,4.4
1545,0,1,0,0,1,0,4.0
1546,0,1,1,0,0,0,8.2
1547,1,1,1,1,0,1,7.1
1548,0,1,0,1,1,0,7.3
1549,1,1,0,0,0,0,6.1
1550,0,0,0,0,0,0,2.8
1551,1,1,0,1,0,0,6.2
1552,0,1,0,1,0,0,5.6
1553,1,0,1,1,0,0,4.6
1554,1,1,1,1,0,1,8.1
1555,1,1,1,1,0,1,6.4
1556,1,1,0,0,0,1,6.8
1557,0,1,1,1,1,0,6.0
1558,1,1,1,1,1,1,9.4
1559,1,1,1,1,1,1,5.4
1560,1,1,0,0,0,1,7.1
1561,0,1,1,1,0,0,5.2
1562,0,1,0,0,0,0,9.0
1563,1,1,0,0,0,1,4.2
1564,0,1,0,0,0,0,3.6
1565,1,1,1,0,1,0,9.1
1566,0,1,0,0,0,0,8.6
1567,0,1,0,0,0,0,1.8
1568,1,1,1,1,0,0,8.4
1569,1,1,0,0,0,1,4.5
1570,0,1,0,0,0,0,5.8
1571,0,1,0,0,0,0,6.6
1572,1,1,0,1,0,1,9.0
1573,1,1,1,1,1,1,7.6
1574,1,1,1,1,0,1,8.9
1575,0,1,0,0,0,0,6.2
1576,0,1,1,1,0,0,7.1
1577,0,0,0,0,0,0,7.5
1578,1,1,0,0,0,0,5.8
1579,0,1,0,0,0,0,4.5
1580,1,1,1,0,0,1,9.3
1581,1,1,1,0,0,0,8.2
1582,1,1,1,0,1,1,6.5
1583,1,1,1,0,0,0,6.9
1584,1,0,0,0,0,0,3.5
1585,1,1,1,1,1,1,6.3
1586,0,0,0,0,0,0,5.0
1587,1,1,1,0,0,1,7.9
1588,0,1,0,1,0,0,5.4
1589,0,0,1,0,0,0,3.1
1590,0,1,1,0,0,0,3.6
1591,1,1,1,0,0,1,7.4
1592,1,1,1,0,0,1,2.9
1593,1,0,1,1,0,1,7.5
1594,1,1,0,1,0,0,4.2
1595,1,1,0,0,0,1,10.0
1596,1,1,1,1,1,1,6.7
1597,0,0,1,0,0,0,6.4
1598,0,1,0,0,0,0,5.9
1599,1,1,1,0,1,1,6.2
1600,1,1,1,1,0,0,6.1
1601,1,1,0,0,0,0,6.7
1602,1,1,0,0,0,0,5.9
1603,0,1,1,0,0,0,7.8
1604,1,1,0,0,1,1,7.7
1605,1,0,0,0,1,0,6.8
1606,1,0,1,0,0,0,6.1
1607,0,1,0,1,0,0,6.6
1608,1,1,1,0,0,0,8.0
1609,1,1,1,0,0,0,7.6
1610,0,1,0,0,0,0,4.4
1611,0,1,1,1,0,0,5.5
1612,0,1,0,0,0,0,1.0
1613,0,0,1,0,0,0,5.2
1614,1,1,1,0,0,1,4.9
1615,1,1,1,0,1,1,8.4
1616,0,1,0,0,0,0,6.0
1617,1,1,1,0,0,1,5.2
1618,1,1,0,0,0,1,6.8
1619,1,1,1,0,1,0,7.3
1620,1,1,1,0,0,0,7.0
1621,1,1,0,1,0,0,2.8
1622,0,1,0,0,0,0,3.4
1623,1,1,1,0,1,1,9.2
1624,1,1,0,0,0,0,8.0
1625,0,0,0,0,0,0,6.4
1626,1,1,1,0,0,1,6.3
1627,1,1,1,1,1,1,9.1
1628,1,1,0,0,0,0,6.7
1629,0,1,1,1,1,0,5.7
1630,1,1,1,0,0,1,8.8
1631,0,1,0,0,1,0,6.6
1632,0,1,1,0,0,0,7.1
1633,1,1,1,1,1,1,7.2
1634,1,1,1,1,0,1,6.0
1635,0,1,0,1,0,0,6.2
1636,1,1,1,1,0,1,5.8
1637,1,1,1,0,0,1,4.7
1638,0,1,0,0,0,0,4.2
1639,0,1,1,0,0,0,5.6
1640,0,1,0,1,1,0,4.0
1641,0,0,0,1,0,0,3.8
1642,1,1,0,1,0,1,7.0
1643,1,1,1,0,0,0,3.8
1644,1,1,1,1,0,1,9.0
1645,1,1,1,1,0,1,6.2
1646,1,1,1,0,1,0,8.3
1647,0,1,0,0,1,0,5.4
1648,1,1,1,0,0,0,6.6
1649,1,1,0,1,0,1,5.3
1650,1,1,1,0,0,0,4.8
1651,1,1,1,0,0,1,9.2
1652,1,1,0,1,0,0,4.7
1653,1,1,1,0,0,1,7.6
1654,1,1,1,0,0,1,8.9
1655,1,1,0,1,0,1,9.4
1656,1,1,1,1,0,1,10.0
1657,0,1,0,0,0,0,6.1
1658,1,1,1,0,0,0,4.2
1659,0,1,0,1,0,0,5.9
1660,1,1,0,1,0,1,7.4
1661,1,1,1,1,1,1,6.8
1662,1,1,0,0,1,1,7.3
1663,1,1,1,1,0,1,6.0
1664,1,1,0,0,0,1,5.1
1665,1,1,0,0,0,0,3.1
1666,1,1,0,0,0,1,7.6
1667,1,1,1,0,0,0,6.6
1668,0,1,0,0,0,0,8.3
1669,1,0,1,0,0,0,4.7
1670,0,1,1,0,0,0,7.1
1671,0,1,0,0,0,0,4.6
1672,1,1,0,1,0,0,6.3
1673,1,1,1,1,0,1,8.2
1674,1,1,1,1,0,1,9.1
1675,0,1,0,0,0,0,6.2
1676,1,1,0,0,0,1,4.2
1677,1,1,1,0,1,1,6.1
1678,1,1,0,0,0,0,6.5
1679,1,1,0,0,0,1,6.3
1680,1,1,1,0,0,0,6.6
1681,0,0,0,0,0,0,6.4
1682,1,1,0,0,0,1,7.0
1683,1,1,0,1,0,1,8.4
1684,1,1,1,0,1,0,3.7
1685,1,1,1,0,1,1,7.3
1686,0,0,0,0,0,0,3.7
1687,1,1,0,0,0,1,7.1
1688,1,1,1,1,0,0,5.7
1689,1,1,0,1,1,0,8.3
1690,1,1,1,0,0,0,4.1
1691,1,0,1,0,0,0,3.9
1692,1,1,0,1,0,0,5.0
1693,0,1,0,0,1,0,4.2
1694,0,1,0,0,0,0,4.7
1695,1,1,0,1,0,0,4.7
1696,1,0,0,0,0,0,5.7
1697,0,1,1,0,0,0,10.0
1698,1,1,1,0,0,1,7.8
1699,0,1,0,0,0,0,3.4
1700,1,1,1,0,0,0,7.1
1701,1,1,1,0,0,0,7.3
1702,1,1,1,1,0,0,7.6
1703,1,1,0,1,0,0,5.0
1704,1,1,1,0,1,0,7.0
1705,0,1,0,0,1,0,9.1
1706,1,0,0,0,1,1,7.1
1707,1,1,0,0,0,0,6.9
1708,0,1,0,0,0,0,5.2
1709,1,1,0,0,0,0,7.5
1710,1,1,1,1,0,0,7.4
1711,1,1,1,0,1,0,6.7
1712,0,1,1,0,0,0,5.5
1713,1,1,1,0,0,1,6.0
1714,1,1,0,0,0,0,9.0
1715,1,1,1,1,0,1,7.3
1716,1,1,1,0,1,1,7.6
1717,1,1,1,1,1,1,6.0
1718,1,1,0,1,0,1,7.6
1719,1,1,0,0,0,0,3.4
1720,1,1,1,1,0,1,6.0
1721,1,0,1,0,0,0,8.5
1722,1,1,0,0,0,0,4.6
1723,1,1,1,0,0,0,5.1
1724,1,1,1,0,0,1,5.7
1725,1,1,1,0,0,0,3.6
1726,0,1,1,0,1,0,5.3
1727,1,1,1,1,0,0,7.8
1728,0,1,0,0,0,0,3.3
1729,0,1,1,0,0,0,3.8
1730,1,1,1,0,0,0,4.9
1731,1,0,1,0,0,1,7.2
1732,1,1,1,1,1,1,7.2
1733,1,0,0,0,1,1,8.4
1734,1,1,1,0,0,1,8.6
1735,1,0,0,0,0,1,5.7
1736,0,1,1,0,0,0,8.5
1737,0,0,0,0,0,0,5.1
1738,0,1,0,0,1,0,5.5
1739,0,1,0,0,0,0,5.5
1740,1,1,1,1,1,0,8.1
1741,1,1,1,1,0,1,7.0
1742,1,1,0,1,1,1,4.0
1743,1,1,1,0,0,0,7.3
1744,0,0,0,0,0,0,5.1
1745,0,1,1,0,0,0,4.6
1746,1,1,0,0,0,0,8.9
1747,0,1,1,0,0,0,8.6
1748,1,1,1,1,0,0,7.0
1749,0,0,0,0,0,0,5.0
1750,0,1,1,0,0,0,7.2
1751,1,1,1,1,0,1,5.0
1752,0,1,1,0,0,0,6.8
1753,1,1,1,0,0,1,8.4
1754,0,1,0,0,0,0,3.6
1755,0,0,0,0,0,0,9.1
1756,1,0,0,1,0,0,4.5
1757,1,1,1,1,0,0,6.5
1758,1,1,0,1,0,1,6.0
1759,1,1,1,0,0,1,6.6
1760,1,1,1,0,0,1,3.3
1761,1,1,0,0,0,0,5.4
1762,0,1,0,0,0,0,6.0
1763,1,1,0,1,0,0,8.3
1764,0,1,0,0,0,0,7.7
1765,1,1,1,0,1,1,9.8
1766,1,1,1,1,0,1,4.6
1767,1,1,1,1,1,1,3.8
1768,0,1,0,0,0,0,3.3
1769,1,1,1,1,0,1,6.6
1770,1,1,0,1,0,0,8.9
1771,1,1,1,0,0,0,9.1
1772,1,1,1,1,1,1,5.7
1773,1,1,1,0,0,1,9.2
1774,1,0,1,0,0,1,7.0
1775,0,0,0,0,0,0,2.8
1776,1,1,1,1,1,1,6.1
1777,1,1,1,0,0,0,5.4
1778,1,1,1,0,0,1,4.4
1779,1,1,0,0,1,0,3.6
1780,1,0,1,0,0,0,5.7
1781,1,1,1,1,0,0,6.0
1782,1,1,1,1,0,1,4.8
1783,1,1,1,0,0,0,5.5
1784,1,1,1,1,0,0,7.5
1785,1,1,1,1,0,0,7.3
1786,1,1,1,1,0,1,5.7
1787,1,1,0,0,0,0,4.7
1788,0,1,0,0,0,0,6.1
1789,1,1,0,0,1,1,5.1
1790,1,1,1,1,0,0,8.0
1791,1,1,0,1,0,1,6.0
1792,1,1,0,0,1,0,6.3
1793,1,1,1,0,0,0,8.1
1794,1,1,1,0,1,1,6.9
1795,1,1,1,0,0,1,6.7
1796,1,1,0,0,0,1,4.9
1797,1,1,1,1,0,1,8.7
1798,1,1,0,0,0,0,5.5
1799,0,1,0,1,0,0,5.8
1800,1,0,1,0,0,1,4.8
1801,1,0,1,0,0,1,3.2
1802,1,1,0,0,1,0,2.8
1803,1,1,1,1,1,0,6.5
1804,1,1,1,1,1,0,8.8
1805,0,1,1,0,0,0,5.8
1806,0,0,0,0,0,0,2.0
1807,1,1,0,1,0,0,5.7
1808,0,1,1,1,0,0,4.9
1809,0,1,0,0,0,0,5.4
1810,1,0,1,0,0,0,2.9
1811,0,1,1,0,0,0,7.2
1812,1,0,1,0,0,1,7.8
1813,0,1,0,0,0,0,8.6
1814,1,1,0,0,0,1,5.2
1815,1,1,1,0,0,1,6.2
1816,0,1,0,1,1,0,5.9
1817,0,1,0,1,0,0,2.6
1818,0,1,0,0,0,0,10.0
1819,1,1,1,0,0,1,9.0
1820,1,1,1,1,1,1,4.6
1821,1,1,0,0,0,0,7.2
1822,1,1,1,1,0,1,6.4
1823,1,1,1,0,1,0,7.5
1824,0,1,0,0,0,0,3.4
1825,1,1,1,0,0,0,5.3
1826,1,1,1,1,0,1,8.1
1827,1,1,1,1,1,1,5.3
1828,1,1,1,1,0,1,6.8
1829,1,1,1,1,0,0,6.9
1830,1,1,1,0,0,0,6.3
1831,0,1,1,0,0,0,5.1
1832,1,1,1,0,0,1,10.0
1833,1,1,1,1,0,0,4.8
1834,1,1,1,0,1,1,8.5
1835,1,1,0,1,0,0,5.4
1836,1,1,0,1,0,0,5.1
1837,1,1,1,1,0,1,6.8
1838,1,1,1,1,0,1,4.6
1839,0,1,0,0,0,0,6.4
1840,0,1,1,0,1,0,9.3
1841,0,0,1,0,0,0,8.1
1842,1,1,1,0,0,0,7.2
1843,1,1,1,0,1,0,2.1
1844,0,1,1,0,0,0,8.9
1845,1,1,1,1,0,0,8.5
1846,1,1,1,0,0,1,3.6
1847,0,1,1,0,0,0,3.3
1848,1,1,0,1,1,1,7.2
1849,1,1,0,0,0,0,3.8
1850,0,1,0,0,1,0,2.8
1851,1,1,1,1,0,1,5.1
1852,0,1,1,1,1,0,3.9
1853,1,1,0,0,1,0,6.1
1854,0,1,1,1,1,0,5.8
1855,0,1,1,0,0,0,5.0
1856,1,1,1,0,1,1,3.8
1857,0,1,0,0,0,0,6.2
1858,1,1,1,1,0,0,9.4
1859,1,1,1,0,0,0,7.2
1860,0,1,1,0,0,0,9.1
1861,1,1,1,1,0,0,6.3
1862,0,0,0,0,0,0,5.6
1863,0,0,1,0,0,0,1.5
1864,1,1,1,1,0,1,5.5
1865,1,1,1,1,0,0,9.5
1866,0,0,0,0,0,0,5.6
1867,0,1,1,0,0,0,4.5
1868,1,1,0,1,1,0,6.9
1869,1,1,1,0,0,1,6.8
1870,1,1,1,0,1,0,6.6
1871,1,1,0,0,0,1,7.1
1872,1,1,0,1,0,1,6.6
1873,1,1,0,1,0,1,6.4
1874,0,1,0,1,0,0,7.8
1875,1,1,1,0,1,1,7.4
1876,1,1,0,0,0,0,8.0
1877,0,1,0,0,0,0,5.5
1878,1,0,0,0,0,0,8.0
1879,1,1,1,0,0,1,5.8
1880,1,0,0,1,0,1,5.8
1881,1,1,1,1,1,1,9.8
1882,1,1,0,1,0,1,6.3
1883,1,1,1,1,0,1,6.8
1884,1,1,1,1,1,1,4.4
1885,1,1,1,1,0,1,6.0
1886,1,1,1,0,1,0,6.4
1887,1,1,1,0,1,1,5.9
1888,1,1,1,0,0,1,7.3
1889,1,1,1,1,0,1,6.5
1890,1,0,0,0,0,1,4.4
1891,1,1,1,0,0,0,5.6
1892,1,1,0,0,0,0,7.7
1893,1,1,1,1,0,1,8.7
1894,1,1,1,1,0,0,7.0
1895,0,1,1,1,0,0,6.0
1896,1,1,1,0,0,1,7.7
1897,1,0,1,0,1,0,5.8
1898,1,0,1,0,0,0,4.5
1899,1,1,1,0,0,0,2.8
1900,1,1,1,1,0,0,8.6
1901,1,1,1,1,0,1,5.7
1902,0,1,1,0,0,0,5.3
1903,1,1,0,0,0,1,7.5
1904,1,1,1,1,0,0,8.5
1905,1,1,1,0,0,0,7.3
1906,1,1,1,1,1,1,6.8
1907,1,1,0,1,1,0,7.8
1908,1,1,1,1,0,0,5.7
1909,1,1,1,1,0,1,4.8
1910,1,1,1,0,0,1,3.3
1911,1,1,1,1,1,1,10.0
1912,1,1,1,0,1,0,8.1
1913,1,1,1,0,1,1,8.5
1914,0,1,1,1,0,0,7.9
1915,1,1,0,0,0,0,4.2
1916,1,1,1,0,0,0,7.4
1917,0,1,1,0,0,0,2.9
1918,0,1,0,0,0,0,2.0
1919,1,1,1,0,0,1,7.2
1920,1,1,0,0,1,1,4.8
1921,1,1,1,0,0,0,5.2
1922,1,1,1,1,0,1,5.6
1923,1,1,1,0,0,0,6.8
1924,1,1,1,1,0,1,6.3
1925,0,1,1,0,1,0,5.7
1926,0,1,0,0,0,0,5.2
1927,1,1,0,0,0,0,7.6
1928,1,1,1,0,0,0,6.9
1929,1,1,1,0,1,1,7.5
1930,1,1,0,1,0,0,8.7
1931,1,1,1,1,0,0,7.9
1932,1,1,1,0,0,1,7.2
1933,1,1,0,0,1,1,3.7
1934,0,1,0,0,0,0,3.4
1935,0,1,1,0,1,0,7.1
1936,1,1,1,1,0,0,4.3
1937,1,1,1,0,1,1,7.6
1938,1,0,0,0,0,0,6.1
1939,1,0,0,0,0,1,1.3
1940,1,0,1,0,1,0,3.9
1941,1,1,1,0,0,1,5.0
1942,1,1,0,1,0,0,6.1
1943,0,1,0,0,0,0,7.1
1944,1,1,1,0,0,1,8.7
1945,1,1,1,1,0,1,7.1
1946,0,1,0,0,0,0,7.4
1947,1,1,1,0,0,1,6.2
1948,1,1,1,0,0,1,6.6
1949,1,0,0,0,0,0,6.7
1950,1,1,0,0,0,1,8.8
1951,0,1,1,0,0,0,8.6
1952,1,1,1,0,0,1,6.7
1953,1,1,1,0,0,1,7.8
1954,0,1,0,0,0,0,3.7
1955,0,1,0,0,0,0,2.7
1956,1,1,1,0,0,1,6.9
1957,1,1,1,0,0,1,7.3
1958,1,1,0,1,0,1,4.7
1959,0,1,1,0,0,0,6.2
1960,1,1,1,0,0,1,6.6
1961,1,1,1,1,0,1,4.0
1962,1,0,0,0,0,0,7.7
1963,1,1,0,0,0,0,4.3
1964,1,1,0,1,0,0,5.4
1965,0,1,0,1,0,0,7.0
1966,1,1,1,1,0,0,6.1
1967,0,1,0,0,0,0,7.1
1968,1,1,1,1,0,0,7.4
1969,1,1,0,1,0,0,5.9
1970,1,1,1,0,0,0,5.7
1971,0,1,0,1,1,0,7.6
1972,1,1,1,1,0,0,6.3
1973,0,1,1,0,1,0,4.0
1974,1,0,1,1,1,0,5.7
1975,1,1,0,0,1,0,5.7
1976,1,1,1,0,1,1,5.9
1977,1,1,1,0,0,0,6.6
1978,0,1,0,0,0,0,6.4
1979,1,1,1,0,1,1,7.3
1980,0,1,0,0,0,0,1.8
1981,1,1,1,0,0,1,7.4
1982,1,1,0,1,0,1,8.5
1983,0,1,1,1,1,0,7.4
1984,1,1,1,0,0,0,9.3
1985,1,0,1,1,0,0,6.2
1986,1,1,1,1,0,0,7.3
1987,1,0,1,0,0,0,5.0
1988,1,1,1,0,1,1,5.4
1989,1,1,1,0,0,1,7.3
1990,1,1,1,1,0,1,6.4
1991,0,1,0,1,0,0,4.8
1992,0,1,0,0,1,0,3.4
1993,1,1,1,0,0,0,4.7
1994,1,0,1,0,0,0,5.0
1995,1,1,1,1,0,1,8.3
1996,0,1,0,0,0,0,4.4
1997,0,0,0,0,1,0,4.4
1998,1,1,0,0,0,0,7.6
1999,0,1,1,1,0,0,6.2
2000,1,1,1,1,0,1,6.6
2001,0,1,0,0,0,0,6.3
2002,1,0,1,0,1,1,5.2
2003,1,0,1,1,0,1,8.4
2004,1,1,0,1,0,0,8.3
2005,0,1,1,0,1,0,6.7
2006,1,1,0,0,0,0,4.8
2007,1,1,1,0,1,1,6.8
2008,1,0,1,0,0,1,8.5
2009,1,1,1,1,0,0,6.0
2010,1,0,0,0,0,1,6.5
2011,1,1,1,0,0,1,7.4
2012,1,1,0,0,0,1,6.0
2013,1,1,0,1,1,0,5.2
2014,1,1,1,0,1,0,5.7
2015,1,1,1,0,1,1,6.6
2016,1,0,1,0,0,1,6.2
2017,1,1,1,0,0,1,8.8
2018,1,1,0,0,0,0,7.6
2019,1,0,0,0,0,0,5.7
2020,1,1,1,0,0,0,6.7
2021,1,1,1,0,1,1,9.0
2022,0,1,0,1,0,0,3.7
2023,1,1,1,0,0,1,6.4
2024,1,1,0,1,1,1,4.2
2025,1,1,0,0,0,1,6.5
2026,1,1,1,1,0,1,6.1
2027,0,0,0,0,0,0,7.8
2028,1,1,1,1,0,0,8.7
2029,1,1,0,0,0,0,4.7
2030,1,1,0,0,0,0,7.4
2031,1,1,0,1,0,1,7.4
2032,1,1,1,0,0,1,5.3
2033,1,1,0,0,0,0,6.5
2034,1,1,0,0,0,0,4.6
2035,1,1,0,0,0,0,8.1
2036,1,1,0,1,0,0,9.4
2037,0,1,0,1,0,0,6.8
2038,1,1,1,0,0,1,7.3
2039,0,0,0,0,0,0,3.6
2040,1,1,1,0,0,1,5.8
2041,1,0,0,0,0,1,6.8
2042,0,0,0,0,0,0,2.1
2043,1,1,0,0,0,1,5.0
2044,1,1,1,0,0,0,3.6
2045,1,1,0,1,1,1,9.1
2046,1,1,1,0,1,0,9.1
2047,1,1,1,0,0,0,8.2
2048,1,1,1,1,0,1,10.0
2049,1,1,1,0,0,0,8.3
2050,1,1,1,1,0,1,5.0
2051,0,0,1,0,0,0,8.3
2052,0,1,1,1,0,0,5.5
2053,1,1,1,0,1,1,6.1
2054,0,0,0,0,0,0,6.4
2055,1,1,0,1,0,1,8.4
2056,1,1,1,0,0,0,5.5
2057,0,1,1,1,0,0,4.7
2058,1,1,1,0,0,0,7.8
2059,1,0,1,0,0,1,6.6
2060,1,1,1,1,1,0,7.2
2061,1,0,1,0,0,1,7.5
2062,1,1,0,1,0,0,8.6
2063,1,1,0,0,0,0,5.7
2064,1,1,1,0,0,1,6.1
2065,0,1,0,0,0,0,8.8
2066,1,1,0,1,0,0,6.8
2067,1,1,0,1,0,1,8.5
2068,1,1,1,0,0,1,4.1
2069,1,1,1,0,0,0,4.6
2070,1,1,1,1,0,0,5.5
2071,0,1,0,0,1,0,6.2
2072,1,1,0,0,1,1,3.0
2073,0,1,0,1,0,0,1.4
2074,1,1,1,1,0,0,5.5
2075,1,1,1,0,1,1,5.8
2076,0,0,0,0,0,0,3.6
2077,1,1,1,0,0,0,8.2
2078,1,1,1,0,0,1,6.2
2079,1,1,0,0,0,0,7.6
2080,1,1,1,1,0,1,6.6
2081,1,1,1,0,0,0,6.2
2082,0,1,0,0,0,0,6.1
2083,1,1,0,0,0,0,6.8
2084,1,1,0,0,1,0,5.6
2085,1,1,0,0,0,1,7.1
2086,1,1,0,0,0,1,8.4
2087,1,1,0,1,0,1,7.9
2088,1,1,1,0,0,1,6.8
2089,1,1,1,1,1,1,5.3
2090,0,0,0,0,0,0,10.0
2091,1,1,1,1,0,0,6.1
2092,1,1,1,1,0,0,2.6
2093,1,1,1,0,0,1,5.8
2094,1,1,0,0,1,0,5.3
2095,1,1,0,0,0,0,4.5
2096,0,1,0,0,0,0,6.9
2097,1,1,0,1,0,1,7.2
2098,0,1,0,0,0,0,4.5
2099,0,1,0,1,0,0,4.7
2100,1,1,0,0,1,1,9.1
2101,1,1,1,0,1,0,6.4
2102,1,1,0,0,0,0,6.8
2103,0,1,1,0,0,0,5.9
2104,1,1,1,0,0,1,8.0
2105,1,1,0,0,1,0,5.5
2106,1,1,0,1,0,1,6.3
2107,1,1,0,0,0,0,8.4
2108,0,1,1,0,0,0,5.6
2109,0,1,0,0,0,0,3.0
2110,1,1,0,0,1,0,10.0
2111,0,1,1,0,0,0,6.5
2112,0,1,1,0,0,0,8.4
2113,1,1,1,0,0,1,4.0
2114,0,1,1,0,0,0,3.1
2115,1,1,1,1,0,1,9.2
2116,1,1,0,0,0,1,7.1
2117,1,1,0,1,0,1,7.1
2118,1,1,0,0,0,1,10.0
2119,1,1,1,0,0,1,6.8
2120,1,1,1,0,0,1,5.8
2121,1,1,1,0,0,0,7.9
2122,1,0,1,0,0,0,5.5
2123,1,1,1,0,0,0,6.2
2124,0,0,0,0,0,0,3.0
2125,1,1,1,1,0,1,8.1
2126,1,1,0,0,0,0,4.6
2127,1,1,0,0,0,0,6.3
2128,1,1,1,1,0,1,6.4
2129,1,1,1,0,0,0,3.7
2130,0,1,0,0,0,0,4.5
2131,1,1,1,1,0,0,5.0
2132,1,1,1,1,0,1,5.4
2133,1,1,0,1,0,1,5.5
2134,0,1,1,1,0,0,6.6
2135,1,1,1,1,0,1,4.9
2136,0,1,1,0,0,0,4.3
2137,0,1,1,0,0,0,1.0
2138,0,1,1,0,0,0,5.2
2139,1,1,1,1,1,1,7.1
2140,1,1,1,1,1,1,8.2
2141,0,1,0,0,0,0,6.0
2142,0,1,0,1,0,0,7.6
2143,1,1,1,0,0,0,5.7
2144,0,1,1,0,0,0,3.8
2145,1,1,0,1,0,0,6.1
2146,1,1,1,0,1,0,7.4
2147,1,1,1,1,0,1,9.4
2148,1,1,1,0,0,1,3.8
2149,1,1,0,1,0,1,5.7
2150,1,1,1,0,0,0,2.7
2151,1,1,1,0,0,0,5.5
2152,1,1,1,0,0,0,5.4
2153,1,1,1,1,0,0,5.7
2154,1,1,1,0,0,0,5.3
2155,1,1,1,0,0,0,6.4
2156,0,1,1,0,0,0,4.5
2157,1,1,1,0,0,0,5.6
2158,1,1,0,0,0,1,6.5
2159,1,1,1,1,0,1,9.6
2160,1,1,1,0,0,1,7.5
2161,0,1,0,0,0,0,5.9
2162,1,1,1,1,0,1,6.7
2163,1,1,1,1,0,0,6.7
2164,1,1,1,0,0,0,7.0
2165,1,1,0,0,0,0,6.0
2166,1,1,1,0,0,0,5.9
2167,0,1,0,0,0,0,4.4
2168,0,0,0,0,0,0,7.4
2169,1,1,1,1,0,1,10.0
2170,1,1,0,1,1,0,10.0
2171,1,1,1,0,0,0,1.4
2172,0,1,0,0,0,0,8.7
2173,1,1,1,0,0,1,4.6
2174,1,1,0,0,0,0,5.0
2175,1,1,1,1,0,1,8.6
2176,0,1,0,0,0,0,7.6
2177,0,1,1,0,0,0,7.2
2178,1,1,1,0,0,1,6.1
2179,1,1,0,0,0,0,8.1
2180,0,1,1,0,0,0,6.7
2181,1,1,0,0,0,1,6.3
2182,1,1,1,1,0,0,7.7
2183,1,1,0,0,0,1,6.5
2184,1,1,1,0,0,0,6.0
2185,1,1,1,0,1,1,8.8
2186,1,1,1,1,0,1,5.7
2187,1,1,1,1,0,0,7.9
2188,1,1,1,1,0,1,6.4
2189,1,1,1,0,0,0,5.5
2190,0,1,0,0,1,0,7.3
2191,1,1,0,1,1,1,6.6
2192,1,1,1,0,0,1,6.9
2193,1,1,0,0,1,0,7.9
2194,1,1,1,1,0,1,9.1
2195,0,1,0,0,1,0,7.8
2196,0,1,0,0,0,0,3.1
2197,1,1,1,1,0,1,7.7
2198,1,0,0,0,1,1,6.3
2199,0,1,1,0,0,0,8.2
2200,1,1,0,0,0,0,10.0
2201,1,0,0,0,0,0,8.5
2202,1,1,1,1,1,1,5.0
2203,1,1,1,0,1,1,4.9
2204,1,0,1,0,1,0,5.4
2205,1,1,1,1,0,1,6.6
2206,0,1,0,0,0,0,6.5
2207,0,1,1,0,0,0,6.1
2208,0,0,0,0,0,0,2.3
2209,0,1,1,0,0,0,4.7
2210,1,1,0,1,1,1,7.3
2211,1,1,1,0,0,0,8.8
2212,0,1,1,0,0,0,9.4
2213,1,1,1,1,0,1,8.5
2214,0,1,1,0,0,0,6.5
2215,1,1,1,1,0,1,6.3
2216,0,0,1,0,0,0,10.0
2217,1,1,1,0,0,1,5.1
2218,1,1,1,1,0,0,6.7
2219,0,0,0,0,0,0,6.7
2220,1,1,0,0,0,1,8.2
2221,1,1,1,1,0,1,9.2
2222,0,1,0,0,0,0,3.8
2223,1,1,0,0,0,1,8.7
2224,1,0,1,0,0,1,7.0
2225,0,0,0,0,0,0,4.3
2226,1,1,0,1,0,0,7.5
2227,1,1,1,0,0,0,7.1
2228,1,1,1,0,1,1,7.8
2229,0,1,0,0,0,0,8.0
2230,1,1,1,0,0,0,6.1
2231,1,1,1,0,0,1,5.7
2232,1,1,1,1,1,0,5.7
2233,1,1,0,1,0,1,7.3
2234,1,1,1,0,0,1,7.1
2235,1,1,1,0,0,0,8.0
2236,1,1,1,1,0,0,5.6
2237,1,1,0,1,0,0,7.6
2238,1,1,1,0,0,0,6.2
2239,1,1,1,0,1,1,3.0
2240,0,1,1,0,1,0,8.5
2241,0,0,0,0,0,0,2.6
2242,1,1,0,0,0,1,7.0
2243,1,1,1,1,0,1,9.7
2244,0,1,1,0,0,0,4.6
2245,1,1,1,0,0,0,4.6
2246,1,1,1,1,0,1,8.7
2247,0,1,1,0,0,0,5.7
2248,0,1,0,0,0,0,6.5
2249,0,1,1,1,0,0,3.6
2250,1,1,0,0,0,1,5.7
2251,1,1,0,0,0,1,5.4
2252,1,1,1,0,0,1,7.7
2253,1,1,0,0,0,1,7.5
2254,1,1,1,0,0,1,7.6
2255,1,1,1,0,1,0,5.5
2256,0,1,1,0,0,0,4.9
2257,0,1,1,0,0,0,10.0
2258,1,1,0,0,0,0,7.6
2259,1,1,0,0,1,1,6.1
2260,1,1,0,0,0,0,2.1
2261,0,1,1,0,0,0,5.9
2262,1,1,1,1,1,1,5.0
2263,1,1,0,0,0,0,6.1
2264,1,1,1,1,0,1,5.3
2265,1,0,1,0,0,0,3.6
2266,0,1,0,0,0,0,3.8
2267,1,1,0,0,0,0,4.1
2268,1,1,1,0,0,1,5.8
2269,1,1,0,1,0,0,5.7
2270,1,1,1,0,0,1,3.7
2271,1,1,1,0,0,1,8.4
2272,0,0,0,0,0,0,3.4
2273,0,1,0,0,0,0,5.8
2274,1,1,1,0,0,1,5.2
2275,1,1,0,0,0,0,7.2
2276,1,1,0,1,0,0,4.9
2277,0,0,1,0,0,0,6.4
2278,1,1,0,0,1,0,7.0
2279,1,1,1,1,0,1,7.8
2280,1,0,1,1,1,0,7.0
2281,0,1,1,1,1,0,6.2
2282,1,1,1,0,1,0,7.1
2283,1,1,1,0,0,0,2.0
2284,0,0,0,1,0,0,4.0
2285,0,1,1,0,0,0,5.8
2286,1,1,1,0,0,0,5.5
2287,0,0,0,0,0,0,3.2
2288,0,1,1,0,0,0,5.3
2289,0,0,0,1,0,0,6.1
2290,1,1,1,0,1,1,6.3
2291,1,1,1,0,0,1,6.6
2292,0,1,1,0,1,0,4.0
2293,1,1,1,0,0,1,7.3
2294,1,1,1,1,0,1,9.2
2295,0,1,1,0,1,0,7.1
2296,1,1,1,0,0,1,5.6
2297,1,1,1,0,0,0,7.5
2298,1,1,1,1,0,1,6.4
2299,0,0,0,0,0,0,2.8
2300,0,1,1,0,0,0,5.5
2301,1,0,0,1,1,1,7.3
2302,1,1,1,1,0,1,7.7
2303,0,1,1,0,0,0,3.8
2304,1,1,1,1,0,1,4.4
2305,1,0,0,1,0,1,3.7
2306,1,1,1,0,0,0,8.0
2307,1,1,1,0,0,1,7.5
2308,1,1,1,1,0,1,9.1
2309,1,1,1,1,0,1,7.6
2310,1,1,1,0,0,0,2.8
2311,1,1,1,1,0,1,7.9
2312,0,1,0,0,0,0,2.7
2313,1,0,1,0,0,0,9.5
2314,1,1,1,0,1,1,7.4
2315,0,1,0,0,0,0,4.3
2316,0,1,0,0,0,0,5.0
2317,1,1,1,0,0,0,7.2
2318,1,1,1,0,0,0,7.4
2319,1,1,1,1,0,0,6.1
2320,1,1,1,0,1,1,7.9
2321,0,1,1,0,0,0,5.4
2322,0,0,0,0,0,0,3.2
2323,1,1,1,1,0,1,9.7
2324,0,0,0,0,0,0,4.4
2325,1,1,1,0,0,0,9.6
2326,1,1,1,0,0,0,5.4
2327,1,1,1,0,0,0,4.2
2328,1,1,0,0,1,1,8.3
2329,1,1,1,1,0,0,9.8
2330,0,1,1,1,0,0,6.6
2331,1,1,0,0,0,1,6.6
2332,0,0,1,1,0,0,5.8
2333,1,1,1,1,0,1,7.7
2334,1,1,0,0,0,0,8.1
2335,1,1,1,0,0,0,6.5
2336,1,1,1,1,0,0,4.1
2337,1,1,0,0,1,0,10.0
2338,1,1,1,0,1,1,8.2
2339,1,1,1,0,0,0,8.0
2340,0,1,1,0,0,0,4.7
2341,1,1,1,0,0,1,5.1
2342,1,1,1,1,0,1,8.3
2343,1,1,0,1,1,1,7.3
2344,1,1,1,1,0,0,9.7
2345,1,1,0,0,0,1,7.2
2346,1,1,0,1,1,0,7.4
2347,1,1,1,1,0,0,8.1
2348,1,1,1,0,0,1,4.2
2349,1,0,1,0,0,0,4.4
2350,0,1,0,0,0,0,7.5
2351,0,1,1,1,0,0,8.5
2352,0,0,1,0,0,0,5.5
2353,1,0,0,0,0,1,6.3
2354,0,1,0,1,0,0,4.7
2355,0,1,0,0,0,0,6.3
2356,1,1,1,0,0,0,3.7
2357,1,1,1,1,0,0,2.4
2358,1,1,1,0,0,1,7.0
2359,1,1,0,1,1,1,6.1
2360,1,1,1,0,1,1,4.7
2361,1,1,1,1,0,1,7.9
2362,1,1,0,1,1,1,7.0
2363,0,1,1,0,0,0,4.5
2364,1,1,1,1,0,1,8.0
2365,1,1,1,1,1,1,8.7
2366,0,1,1,1,1,0,5.8
2367,0,1,0,0,0,0,6.6
2368,1,1,1,1,0,0,6.6
2369,1,1,0,0,0,0,5.9
2370,1,1,0,0,0,0,7.1
2371,1,1,1,0,1,1,8.7
2372,0,1,0,0,0,0,8.5
2373,1,1,0,1,0,0,7.5
2374,1,1,0,0,0,0,4.1
2375,1,1,0,1,1,0,9.4
2376,1,1,1,0,0,1,5.7
2377,1,1,1,0,0,1,5.5
2378,0,1,0,0,0,0,6.6
2379,0,1,0,0,0,0,5.1
2380,0,0,0,0,0,0,3.8
2381,1,1,1,0,0,1,6.1
2382,0,1,0,0,0,0,4.1
2383,1,1,1,1,0,0,8.0
2384,1,1,1,0,0,1,6.0
2385,1,1,1,0,0,0,5.7
2386,1,1,1,0,0,1,10.0
2387,1,1,1,0,0,0,4.4
2388,0,1,1,0,1,0,6.5
2389,1,1,0,0,0,0,7.1
2390,1,1,1,1,1,1,6.3
2391,1,1,1,0,0,1,7.8
2392,1,1,1,0,0,0,7.7
2393,0,1,0,0,0,0,5.8
2394,1,1,1,1,1,1,7.1
2395,0,1,1,0,0,0,5.7
2396,1,1,1,0,0,1,8.1
2397,0,1,1,0,1,0,6.8
2398,0,1,1,0,1,0,9.9
2399,1,1,1,0,0,0,5.8
2400,1,1,1,0,1,0,6.0
2401,1,0,0,1,0,0,6.5
2402,1,1,1,0,0,1,8.6
2403,0,0,1,1,0,0,4.3
2404,0,1,0,0,0,0,5.1
2405,1,1,1,1,0,1,8.0
2406,0,1,1,0,0,0,7.2
2407,1,1,1,0,0,1,6.2
2408,0,1,0,0,0,0,2.5
2409,1,1,1,1,1,0,2.6
2410,1,1,0,0,0,1,7.2
2411,1,1,1,0,1,1,7.8
2412,1,1,1,1,0,0,5.5
2413,1,1,0,1,0,1,5.0
2414,0,1,0,0,0,0,5.2
2415,1,1,1,0,0,0,5.7
2416,0,1,1,0,0,0,5.3
2417,1,1,1,0,1,1,5.7
2418,1,1,1,1,1,1,8.8
2419,1,1,1,1,1,0,4.7
2420,0,1,0,0,0,0,2.5
2421,1,1,0,0,0,1,6.3
2422,1,1,1,1,1,1,6.6
2423,0,1,1,0,0,0,6.1
2424,1,1,0,1,1,1,4.3
2425,1,1,0,0,0,1,5.5
2426,0,1,1,1,0,0,7.5
2427,1,1,1,1,1,0,6.5
2428,1,1,1,1,0,1,5.6
2429,1,1,1,0,1,0,4.3
2430,0,1,1,0,1,0,8.0
2431,0,1,1,0,0,0,7.9
2432,1,1,1,1,0,1,5.6
2433,0,1,0,0,0,0,7.0
2434,1,1,0,0,0,0,7.7
2435,1,1,0,1,0,1,2.5
2436,1,1,0,0,0,1,4.4
2437,0,1,1,0,0,0,6.8
2438,1,1,1,1,0,0,7.6
2439,1,1,1,0,0,1,3.7
2440,1,1,0,0,0,1,7.4
2441,1,1,1,1,0,0,9.4
2442,1,1,1,0,0,0,5.5
2443,0,1,1,1,0,0,6.9
2444,1,0,1,1,0,0,4.1
2445,0,1,1,0,0,0,5.3
2446,1,1,1,0,0,1,7.0
2447,1,1,0,0,0,0,4.5
2448,0,1,1,0,0,0,4.5
2449,1,1,1,1,0,0,5.7
2450,1,1,0,0,0,1,5.9
2451,0,0,1,0,0,0,7.7
2452,1,1,0,0,0,1,5.4
2453,0,1,0,1,0,0,5.1
2454,0,1,0,1,0,0,5.0
2455,0,1,1,0,0,0,7.8
2456,1,1,0,0,0,0,5.7
2457,0,1,0,1,0,0,8.6
2458,1,1,1,1,0,1,9.0
2459,1,1,0,0,0,1,8.3
2460,0,1,0,0,0,0,4.6
2461,1,1,1,1,0,1,9.6
2462,0,0,1,0,0,0,3.4
2463,1,1,1,0,0,0,7.7
2464,1,0,0,1,0,0,3.6
2465,1,1,0,1,1,0,7.8
2466,1,1,0,0,0,1,2.3
2467,1,1,1,0,1,1,6.5
2468,1,1,1,0,1,1,8.5
2469,1,1,0,1,0,1,6.9
2470,1,1,0,0,0,1,6.8
2471,1,1,1,0,0,1,5.7
2472,1,1,1,1,0,0,8.5
2473,1,1,0,1,0,1,4.7
2474,1,1,0,0,0,0,4.5
2475,1,1,0,0,0,0,3.1
2476,1,1,1,1,1,0,4.4
2477,1,1,1,0,0,1,5.2
2478,0,1,0,0,0,0,3.0
2479,0,1,0,0,0,0,5.5
2480,0,1,1,1,0,0,4.2
2481,1,1,1,1,1,1,9.7
2482,1,1,1,1,1,0,5.7
2483,1,1,1,0,1,0,6.1
2484,1,1,1,0,0,1,8.2
2485,1,1,1,0,1,1,8.1
2486,1,0,0,1,0,0,5.0
2487,0,1,1,0,0,0,5.6
2488,0,0,0,0,0,0,4.0
2489,1,1,1,1,0,0,3.8
2490,1,1,1,0,0,1,4.7
2491,1,1,0,1,0,1,6.1
2492,1,1,0,0,1,1,8.3
2493,1,1,0,1,0,0,9.3
2494,0,1,0,0,0,0,3.3
2495,0,1,1,1,0,0,6.7
2496,0,1,0,0,0,0,7.8
2497,0,1,1,0,0,0,6.4
2498,1,1,0,0,0,1,7.1
2499,1,0,1,0,1,0,4.7
2500,0,1,0,1,0,0,7.5
